school,sex,age,address,famsize,Pstatus,Medu,Fedu,Mjob,Fjob,reason,guardian,traveltime,studytime,failures,schoolsup,famsup,paid,activities,nursery,higher,internet,romantic,famrel,freetime,goout,health,absences,G1,G2,G3
0.0,1.0,16,1.0,0.0,1.0,3,3,3.0,2.0,1.0,1.0,1,2,0,0.0,0.0,1.0,1.0,1.0,1.0,1.0,1.0,4,2,3,3,2,12,13,12
0.0,1.0,16,1.0,0.0,1.0,2,3,2.0,2.0,1.0,0.0,2,1,0,0.0,0.0,0.0,0.0,1.0,1.0,1.0,0.0,5,3,3,3,0,13,14,14
0.0,0.0,16,1.0,0.0,1.0,1,3,0.0,3.0,1.0,1.0,1,2,3,0.0,0.0,0.0,1.0,0.0,1.0,1.0,1.0,4,3,5,3,0,8,7,0
0.0,0.0,16,1.0,0.0,1.0,4,3,4.0,1.0,1.0,1.0,1,3,0,1.0,1.0,1.0,1.0,1.0,1.0,1.0,0.0,3,4,4,4,2,10,9,9
0.0,1.0,16,0.0,0.0,1.0,2,1,2.0,2.0,0.0,1.0,2,1,0,0.0,0.0,0.0,1.0,0.0,1.0,0.0,0.0,3,3,2,3,0,8,9,8
0.0,0.0,18,0.0,0.0,1.0,3,1,2.0,2.0,3.0,1.0,1,2,1,0.0,0.0,0.0,1.0,1.0,1.0,1.0,1.0,5,3,3,4,16,9,8,7
0.0,0.0,17,0.0,0.0,1.0,2,4,0.0,2.0,0.0,0.0,1,3,0,0.0,1.0,0.0,0.0,1.0,1.0,1.0,1.0,4,4,3,5,7,12,14,14
1.0,1.0,19,0.0,0.0,1.0,1,1,2.0,3.0,2.0,1.0,2,1,1,0.0,0.0,0.0,0.0,1.0,1.0,0.0,0.0,4,3,2,5,0,6,5,0
0.0,1.0,17,1.0,1.0,1.0,2,3,3.0,3.0,3.0,0.0,1,2,0,0.0,1.0,1.0,0.0,0.0,1.0,1.0,0.0,5,3,3,3,2,12,11,12
0.0,1.0,18,1.0,1.0,1.0,3,4,3.0,2.0,1.0,1.0,1,2,0,0.0,0.0,0.0,1.0,1.0,1.0,1.0,1.0,4,3,3,5,11,16,15,15
0.0,0.0,15,1.0,0.0,1.0,1,1,0.0,2.0,0.0,1.0,3,1,0,0.0,1.0,0.0,1.0,0.0,1.0,1.0,1.0,4,3,3,4,0,8,0,0
0.0,0.0,17,1.0,0.0,0.0,4,3,3.0,3.0,0.0,1.0,1,2,0,0.0,1.0,1.0,0.0,1.0,1.0,1.0,1.0,5,2,2,5,23,13,13,13
0.0,1.0,17,1.0,1.0,1.0,4,3,4.0,2.0,0.0,1.0,2,2,0,0.0,0.0,1.0,1.0,1.0,1.0,1.0,0.0,4,4,4,4,4,10,9,9
0.0,0.0,17,0.0,0.0,1.0,2,1,0.0,3.0,0.0,1.0,3,2,0,0.0,0.0,0.0,1.0,1.0,1.0,0.0,0.0,2,1,1,3,2,13,11,11
1.0,0.0,18,1.0,0.0,1.0,2,3,0.0,3.0,0.0,0.0,2,1,0,0.0,1.0,1.0,0.0,1.0,1.0,1.0,1.0,5,2,3,4,0,11,10,10
1.0,0.0,17,0.0,0.0,1.0,1,1,2.0,3.0,3.0,1.0,3,1,1,0.0,1.0,1.0,0.0,1.0,1.0,1.0,1.0,5,2,1,1,0,7,6,0
0.0,0.0,19,1.0,0.0,1.0,3,3,2.0,2.0,3.0,2.0,1,4,0,0.0,1.0,1.0,1.0,1.0,1.0,1.0,0.0,4,3,3,3,10,8,8,8
0.0,1.0,15,1.0,0.0,1.0,4,3,4.0,2.0,1.0,1.0,1,2,0,0.0,1.0,1.0,1.0,1.0,1.0,1.0,0.0,4,3,3,5,6,9,9,10
0.0,1.0,15,1.0,0.0,0.0,3,4,3.0,2.0,0.0,1.0,1,2,0,0.0,1.0,1.0,1.0,1.0,1.0,1.0,0.0,5,4,4,1,0,16,18,18
1.0,0.0,18,0.0,1.0,1.0,4,4,2.0,2.0,3.0,1.0,2,3,0,0.0,0.0,0.0,0.0,1.0,1.0,1.0,0.0,5,4,4,1,0,19,18,19
0.0,0.0,16,1.0,0.0,1.0,4,4,3.0,3.0,3.0,1.0,1,3,0,0.0,1.0,1.0,1.0,1.0,1.0,1.0,0.0,3,2,3,2,6,13,14,14
0.0,1.0,15,1.0,0.0,0.0,4,4,2.0,3.0,3.0,1.0,1,4,0,0.0,1.0,0.0,1.0,0.0,1.0,1.0,1.0,1,3,3,3,4,13,13,12
0.0,1.0,17,1.0,1.0,1.0,4,4,3.0,2.0,1.0,1.0,1,2,0,0.0,1.0,1.0,0.0,1.0,1.0,1.0,1.0,5,3,5,3,13,12,12,13
0.0,0.0,17,1.0,0.0,0.0,4,4,2.0,4.0,1.0,1.0,2,2,0,1.0,1.0,0.0,0.0,1.0,1.0,0.0,0.0,4,1,4,1,6,6,5,6
0.0,1.0,16,1.0,1.0,1.0,4,3,1.0,2.0,1.0,0.0,1,1,0,0.0,0.0,1.0,1.0,1.0,1.0,1.0,0.0,3,1,3,5,4,8,10,10
0.0,1.0,17,1.0,1.0,1.0,4,4,2.0,4.0,1.0,0.0,2,1,0,0.0,0.0,1.0,0.0,1.0,1.0,1.0,0.0,4,1,1,5,0,11,11,10
1.0,1.0,19,0.0,0.0,1.0,1,1,2.0,3.0,1.0,2.0,3,2,3,0.0,0.0,0.0,0.0,1.0,1.0,1.0,0.0,5,4,4,2,8,8,7,8
1.0,1.0,18,0.0,0.0,1.0,1,3,0.0,2.0,0.0,1.0,2,2,0,0.0,1.0,1.0,0.0,1.0,1.0,0.0,0.0,3,3,4,3,4,10,10,10
0.0,1.0,17,0.0,0.0,1.0,1,3,2.0,2.0,0.0,0.0,3,2,1,0.0,1.0,0.0,1.0,1.0,1.0,1.0,0.0,5,2,4,5,20,9,7,8
0.0,0.0,17,1.0,0.0,1.0,2,2,2.0,2.0,0.0,1.0,1,2,0,0.0,1.0,0.0,0.0,1.0,1.0,0.0,1.0,4,2,2,3,12,11,9,9
0.0,0.0,19,1.0,0.0,1.0,4,4,1.0,2.0,3.0,2.0,2,2,0,0.0,1.0,1.0,1.0,1.0,1.0,1.0,0.0,2,3,4,2,0,10,9,0
1.0,1.0,18,0.0,0.0,1.0,2,1,2.0,2.0,2.0,1.0,2,1,0,0.0,0.0,0.0,1.0,0.0,1.0,1.0,1.0,4,4,3,5,5,7,6,7
1.0,0.0,17,0.0,0.0,1.0,1,2,2.0,2.0,0.0,1.0,1,1,0,0.0,0.0,0.0,1.0,1.0,1.0,1.0,0.0,3,5,5,1,14,6,5,5
0.0,0.0,16,0.0,0.0,1.0,4,4,1.0,4.0,2.0,1.0,1,2,0,0.0,1.0,0.0,1.0,1.0,1.0,0.0,0.0,2,4,4,4,6,10,11,11
0.0,0.0,16,1.0,0.0,1.0,3,4,0.0,2.0,0.0,1.0,1,2,0,0.0,1.0,0.0,0.0,1.0,1.0,1.0,0.0,2,4,3,3,12,5,5,5
0.0,1.0,17,1.0,1.0,0.0,3,2,4.0,3.0,1.0,1.0,1,1,1,0.0,0.0,0.0,0.0,1.0,1.0,1.0,0.0,4,4,4,3,19,11,9,10
0.0,1.0,16,1.0,0.0,1.0,2,1,2.0,2.0,0.0,1.0,3,1,0,0.0,0.0,0.0,0.0,1.0,1.0,1.0,0.0,4,3,3,4,6,18,18,18
0.0,1.0,18,1.0,0.0,1.0,3,2,3.0,2.0,0.0,1.0,2,1,1,0.0,0.0,0.0,0.0,1.0,0.0,1.0,0.0,4,4,5,5,0,6,8,8
0.0,0.0,17,1.0,0.0,1.0,2,3,0.0,2.0,1.0,0.0,2,1,0,0.0,1.0,1.0,0.0,1.0,1.0,0.0,0.0,3,3,3,3,3,7,7,8
0.0,0.0,16,1.0,1.0,1.0,4,4,1.0,1.0,2.0,1.0,1,3,0,0.0,1.0,1.0,1.0,1.0,1.0,1.0,1.0,5,4,5,4,4,14,15,16
0.0,0.0,16,1.0,0.0,1.0,3,3,2.0,2.0,3.0,1.0,3,2,0,1.0,1.0,0.0,1.0,1.0,1.0,0.0,0.0,5,3,2,4,4,8,10,10
0.0,1.0,16,1.0,0.0,1.0,3,2,3.0,3.0,0.0,1.0,2,1,1,0.0,1.0,0.0,1.0,0.0,0.0,0.0,0.0,4,5,2,2,16,12,11,12
0.0,0.0,15,0.0,0.0,1.0,2,4,3.0,1.0,0.0,1.0,1,3,0,1.0,1.0,1.0,1.0,1.0,1.0,1.0,0.0,4,3,2,5,2,10,9,8
0.0,0.0,15,1.0,1.0,0.0,3,4,2.0,2.0,1.0,1.0,1,2,0,1.0,0.0,0.0,1.0,1.0,1.0,1.0,1.0,5,3,2,1,0,7,10,11
0.0,1.0,18,0.0,0.0,1.0,4,3,4.0,3.0,0.0,1.0,1,3,0,0.0,0.0,0.0,0.0,1.0,1.0,1.0,1.0,5,3,2,4,9,16,15,16
0.0,0.0,16,1.0,0.0,1.0,2,2,3.0,2.0,3.0,1.0,2,2,0,0.0,0.0,1.0,1.0,0.0,1.0,1.0,0.0,3,4,4,5,2,13,13,11
0.0,0.0,17,1.0,1.0,1.0,2,2,3.0,2.0,0.0,1.0,2,2,0,1.0,1.0,1.0,0.0,1.0,1.0,1.0,1.0,4,4,4,5,6,12,12,12
0.0,1.0,17,1.0,0.0,1.0,2,3,2.0,2.0,0.0,0.0,2,1,0,0.0,0.0,0.0,0.0,1.0,1.0,1.0,0.0,5,2,2,2,4,12,12,13
0.0,1.0,18,1.0,0.0,1.0,2,2,2.0,3.0,3.0,0.0,1,2,1,0.0,0.0,0.0,0.0,1.0,0.0,1.0,0.0,5,5,4,2,0,7,7,0
0.0,1.0,19,1.0,0.0,1.0,3,2,3.0,0.0,1.0,1.0,1,1,3,0.0,1.0,0.0,0.0,1.0,0.0,1.0,1.0,4,5,4,4,0,5,0,0
0.0,1.0,18,1.0,0.0,1.0,4,3,4.0,2.0,0.0,1.0,1,2,0,0.0,1.0,1.0,0.0,0.0,1.0,1.0,0.0,4,3,2,3,2,8,8,8
0.0,1.0,18,0.0,0.0,1.0,3,2,2.0,2.0,0.0,1.0,1,3,0,0.0,0.0,0.0,1.0,0.0,1.0,0.0,0.0,5,3,2,3,1,13,12,12
0.0,1.0,17,1.0,1.0,1.0,4,4,4.0,2.0,3.0,1.0,1,2,0,0.0,1.0,1.0,1.0,1.0,1.0,1.0,0.0,4,4,4,5,0,13,11,10
0.0,1.0,15,1.0,0.0,1.0,3,4,2.0,2.0,3.0,0.0,1,1,0,0.0,0.0,0.0,0.0,1.0,1.0,1.0,0.0,3,4,3,4,6,14,13,13
1.0,0.0,18,1.0,0.0,1.0,1,1,2.0,2.0,0.0,1.0,2,2,1,0.0,0.0,0.0,1.0,1.0,1.0,0.0,0.0,1,1,1,5,0,6,5,0
0.0,0.0,17,1.0,0.0,1.0,4,4,3.0,4.0,1.0,1.0,2,1,1,0.0,1.0,0.0,0.0,1.0,1.0,1.0,0.0,4,2,4,2,24,18,18,18
0.0,0.0,15,1.0,0.0,1.0,4,4,4.0,4.0,0.0,1.0,2,1,0,0.0,0.0,0.0,1.0,1.0,1.0,1.0,0.0,4,3,2,5,0,16,16,15
0.0,1.0,16,1.0,0.0,1.0,4,4,4.0,4.0,0.0,1.0,1,1,0,0.0,1.0,0.0,0.0,1.0,0.0,1.0,1.0,3,3,2,5,0,7,6,0
0.0,0.0,17,0.0,1.0,1.0,2,2,3.0,3.0,0.0,1.0,1,3,0,0.0,1.0,1.0,1.0,1.0,1.0,1.0,0.0,3,3,2,3,3,11,11,11
0.0,1.0,15,1.0,1.0,1.0,4,3,4.0,3.0,1.0,1.0,1,3,0,0.0,1.0,0.0,1.0,1.0,1.0,1.0,0.0,5,4,3,4,2,15,16,18
0.0,0.0,17,1.0,0.0,1.0,1,1,3.0,4.0,3.0,1.0,1,3,0,0.0,1.0,1.0,0.0,1.0,1.0,1.0,0.0,4,3,3,3,6,13,12,12
0.0,0.0,15,0.0,0.0,1.0,3,3,3.0,3.0,3.0,2.0,2,3,2,0.0,1.0,1.0,1.0,1.0,1.0,1.0,1.0,4,2,1,3,8,10,10,10
1.0,1.0,18,0.0,0.0,1.0,3,2,2.0,2.0,0.0,1.0,2,1,1,0.0,1.0,0.0,0.0,0.0,1.0,1.0,0.0,2,5,5,5,10,11,13,13
1.0,1.0,17,1.0,0.0,1.0,2,3,2.0,3.0,1.0,0.0,2,2,0,0.0,0.0,0.0,1.0,1.0,1.0,1.0,0.0,4,4,3,3,2,11,11,10
0.0,0.0,16,1.0,0.0,1.0,4,2,3.0,2.0,0.0,1.0,1,2,0,0.0,1.0,0.0,0.0,1.0,1.0,1.0,0.0,4,2,3,5,2,15,16,16
0.0,0.0,16,0.0,0.0,1.0,3,3,3.0,2.0,3.0,0.0,1,3,1,1.0,1.0,0.0,1.0,1.0,1.0,1.0,0.0,4,1,2,2,0,7,10,10
0.0,1.0,18,1.0,0.0,1.0,4,4,2.0,2.0,0.0,1.0,1,3,0,0.0,0.0,0.0,1.0,1.0,1.0,1.0,0.0,4,3,3,3,3,9,12,11
0.0,1.0,16,1.0,0.0,1.0,0,2,2.0,2.0,2.0,1.0,1,1,0,0.0,0.0,1.0,0.0,0.0,1.0,1.0,0.0,4,3,2,5,0,13,15,15
0.0,1.0,16,1.0,1.0,1.0,2,2,2.0,2.0,1.0,1.0,1,2,0,0.0,0.0,0.0,0.0,1.0,1.0,1.0,0.0,4,4,4,3,0,12,12,11
0.0,0.0,17,1.0,0.0,1.0,2,2,2.0,2.0,0.0,1.0,1,2,0,0.0,1.0,0.0,0.0,0.0,1.0,1.0,0.0,5,4,5,5,4,10,9,11
0.0,0.0,18,1.0,0.0,1.0,2,3,2.0,3.0,3.0,0.0,1,4,0,0.0,1.0,1.0,1.0,1.0,1.0,1.0,1.0,4,5,5,2,4,15,14,14
0.0,1.0,18,1.0,1.0,1.0,1,1,2.0,2.0,0.0,1.0,1,1,3,0.0,0.0,0.0,0.0,1.0,0.0,1.0,1.0,2,3,5,4,0,6,5,0
0.0,0.0,15,1.0,0.0,1.0,4,4,4.0,1.0,3.0,1.0,1,2,0,0.0,1.0,1.0,0.0,1.0,1.0,1.0,0.0,3,3,3,2,0,10,8,9
0.0,1.0,17,1.0,0.0,1.0,1,2,0.0,3.0,2.0,2.0,2,2,0,0.0,0.0,1.0,1.0,0.0,1.0,1.0,0.0,4,4,4,5,12,7,8,8
0.0,0.0,15,1.0,0.0,1.0,3,2,3.0,2.0,1.0,1.0,2,2,0,1.0,1.0,1.0,0.0,1.0,1.0,1.0,0.0,4,3,5,2,26,7,6,6
0.0,1.0,15,1.0,0.0,1.0,2,3,2.0,2.0,1.0,1.0,1,3,0,1.0,0.0,1.0,0.0,0.0,1.0,1.0,0.0,5,3,2,5,4,11,10,11
0.0,1.0,18,1.0,0.0,1.0,4,2,4.0,2.0,1.0,1.0,1,2,0,0.0,1.0,1.0,1.0,1.0,1.0,1.0,1.0,4,3,2,5,11,12,11,11
1.0,1.0,18,1.0,1.0,1.0,4,4,4.0,3.0,2.0,1.0,2,3,0,0.0,0.0,1.0,0.0,1.0,1.0,1.0,1.0,4,2,2,5,0,13,13,13
0.0,0.0,17,1.0,0.0,1.0,1,1,2.0,2.0,0.0,1.0,1,2,0,0.0,1.0,1.0,0.0,0.0,1.0,0.0,0.0,4,4,4,1,4,9,9,10
0.0,0.0,18,1.0,0.0,1.0,3,2,2.0,3.0,2.0,1.0,1,3,0,0.0,0.0,0.0,0.0,1.0,1.0,1.0,1.0,5,4,3,1,7,13,13,14
0.0,1.0,17,1.0,0.0,1.0,1,3,0.0,3.0,0.0,0.0,1,1,0,0.0,0.0,0.0,0.0,1.0,0.0,1.0,0.0,5,3,3,2,2,10,10,10
0.0,0.0,18,1.0,1.0,1.0,4,3,2.0,2.0,1.0,2.0,2,2,0,0.0,1.0,1.0,0.0,1.0,1.0,1.0,1.0,4,4,5,2,10,10,8,8
0.0,1.0,16,1.0,1.0,0.0,4,4,4.0,1.0,3.0,1.0,1,2,0,0.0,1.0,0.0,0.0,1.0,1.0,0.0,0.0,4,1,3,5,18,8,6,7
0.0,0.0,17,0.0,0.0,1.0,2,2,2.0,2.0,3.0,1.0,1,1,0,0.0,1.0,0.0,0.0,1.0,1.0,1.0,0.0,5,3,2,3,18,7,6,6
0.0,0.0,15,1.0,0.0,1.0,1,2,0.0,2.0,0.0,1.0,1,2,0,0.0,1.0,1.0,0.0,0.0,1.0,1.0,0.0,4,3,2,5,2,10,11,11
0.0,0.0,16,1.0,0.0,1.0,2,3,3.0,4.0,2.0,1.0,1,2,0,1.0,0.0,0.0,0.0,1.0,1.0,1.0,0.0,2,3,1,3,2,16,16,17
0.0,0.0,16,1.0,1.0,1.0,3,1,2.0,2.0,1.0,0.0,1,2,0,1.0,1.0,0.0,0.0,1.0,1.0,0.0,0.0,3,3,3,2,4,7,6,6
0.0,0.0,15,0.0,1.0,1.0,3,1,2.0,2.0,3.0,0.0,2,4,0,0.0,1.0,0.0,0.0,0.0,1.0,1.0,0.0,4,4,2,3,12,16,16,16
0.0,1.0,16,1.0,0.0,1.0,4,4,1.0,2.0,0.0,1.0,1,1,0,0.0,1.0,0.0,1.0,1.0,1.0,1.0,0.0,3,4,4,5,18,14,11,13
0.0,1.0,16,0.0,0.0,1.0,4,3,3.0,2.0,3.0,1.0,2,1,0,1.0,1.0,0.0,1.0,0.0,1.0,1.0,0.0,3,3,3,4,2,11,15,15
0.0,0.0,16,1.0,1.0,1.0,1,1,0.0,0.0,0.0,1.0,1,1,0,0.0,0.0,0.0,0.0,1.0,1.0,1.0,0.0,3,4,4,1,2,14,14,13
0.0,1.0,18,1.0,1.0,1.0,4,4,4.0,4.0,1.0,1.0,1,1,0,0.0,1.0,1.0,0.0,1.0,1.0,1.0,1.0,1,4,2,1,5,16,15,16
0.0,0.0,16,1.0,0.0,1.0,2,1,2.0,2.0,0.0,1.0,1,2,0,0.0,1.0,1.0,0.0,1.0,1.0,0.0,1.0,4,3,5,5,2,8,9,10
0.0,1.0,17,1.0,0.0,1.0,4,4,4.0,4.0,3.0,1.0,1,2,0,1.0,1.0,0.0,1.0,1.0,1.0,1.0,1.0,4,5,5,2,14,11,9,9
0.0,0.0,15,0.0,1.0,1.0,2,2,1.0,3.0,3.0,1.0,2,2,0,1.0,1.0,1.0,0.0,1.0,1.0,1.0,0.0,4,1,3,4,2,8,9,8
0.0,1.0,16,1.0,1.0,1.0,2,2,2.0,2.0,3.0,1.0,2,2,0,0.0,1.0,0.0,1.0,1.0,1.0,1.0,0.0,5,4,4,5,0,13,13,12
0.0,1.0,16,0.0,0.0,0.0,4,4,2.0,4.0,3.0,1.0,2,3,0,0.0,1.0,0.0,1.0,1.0,1.0,1.0,1.0,2,4,3,5,7,15,16,15
0.0,1.0,17,1.0,0.0,1.0,2,1,2.0,2.0,1.0,1.0,1,1,3,0.0,1.0,0.0,0.0,1.0,1.0,1.0,0.0,5,4,5,5,0,5,0,0
0.0,0.0,16,1.0,1.0,1.0,2,4,2.0,1.0,0.0,0.0,2,2,0,0.0,1.0,1.0,1.0,1.0,1.0,1.0,1.0,4,2,2,5,2,13,13,13
0.0,0.0,16,1.0,0.0,1.0,3,1,3.0,2.0,0.0,1.0,1,4,0,1.0,1.0,1.0,0.0,1.0,1.0,1.0,0.0,4,3,3,5,4,7,7,6
0.0,1.0,16,1.0,0.0,1.0,4,3,4.0,2.0,1.0,1.0,1,2,0,0.0,1.0,1.0,1.0,1.0,1.0,1.0,0.0,3,4,3,3,10,9,8,8
0.0,0.0,16,1.0,0.0,1.0,1,1,0.0,2.0,1.0,1.0,2,1,0,0.0,1.0,1.0,0.0,1.0,1.0,0.0,0.0,4,3,2,5,6,9,9,10
0.0,0.0,18,0.0,1.0,1.0,1,1,0.0,2.0,3.0,1.0,2,4,0,0.0,1.0,1.0,1.0,1.0,1.0,0.0,0.0,5,2,2,3,1,12,12,12
1.0,0.0,18,0.0,0.0,1.0,4,4,2.0,4.0,2.0,0.0,3,2,0,0.0,1.0,1.0,0.0,0.0,1.0,1.0,1.0,3,2,2,5,10,14,12,11
0.0,1.0,17,1.0,1.0,0.0,4,1,3.0,2.0,1.0,1.0,2,1,0,0.0,0.0,1.0,1.0,1.0,1.0,1.0,1.0,4,5,4,5,30,8,8,8
0.0,1.0,15,1.0,0.0,1.0,3,4,3.0,3.0,1.0,0.0,1,1,0,1.0,0.0,0.0,0.0,1.0,1.0,1.0,0.0,5,5,5,5,0,13,13,12
0.0,0.0,15,1.0,0.0,1.0,3,2,1.0,3.0,1.0,0.0,1,2,3,0.0,1.0,0.0,0.0,1.0,1.0,1.0,0.0,3,3,2,3,0,6,7,0
0.0,0.0,17,1.0,0.0,0.0,2,1,2.0,2.0,0.0,1.0,2,3,0,0.0,0.0,0.0,1.0,1.0,1.0,1.0,1.0,3,2,3,3,10,12,10,12
0.0,0.0,16,1.0,1.0,1.0,2,2,0.0,2.0,0.0,1.0,1,2,0,0.0,1.0,0.0,0.0,1.0,1.0,0.0,0.0,4,3,4,2,4,8,7,6
0.0,0.0,18,1.0,0.0,1.0,3,3,3.0,3.0,1.0,1.0,1,2,0,0.0,0.0,0.0,1.0,1.0,1.0,1.0,0.0,5,3,4,4,0,7,0,0
0.0,0.0,17,1.0,0.0,1.0,2,2,0.0,0.0,0.0,1.0,1,3,0,0.0,1.0,1.0,1.0,1.0,1.0,1.0,0.0,4,3,3,4,4,9,10,10
0.0,0.0,18,1.0,1.0,1.0,2,2,2.0,2.0,1.0,2.0,1,2,0,0.0,0.0,0.0,1.0,0.0,1.0,1.0,1.0,4,3,3,2,0,8,8,0
0.0,0.0,17,1.0,1.0,1.0,2,4,3.0,3.0,0.0,0.0,1,2,0,0.0,0.0,0.0,1.0,1.0,1.0,1.0,1.0,4,3,2,5,0,14,15,15
0.0,0.0,17,1.0,0.0,1.0,2,4,0.0,1.0,3.0,1.0,2,2,0,0.0,1.0,1.0,0.0,1.0,1.0,1.0,1.0,4,3,3,1,2,10,10,10
0.0,0.0,18,1.0,0.0,1.0,4,3,2.0,2.0,3.0,0.0,1,4,0,0.0,1.0,1.0,0.0,1.0,1.0,1.0,0.0,4,3,3,3,0,14,13,14
0.0,0.0,17,1.0,1.0,1.0,3,3,2.0,2.0,3.0,1.0,1,2,0,0.0,1.0,0.0,1.0,1.0,1.0,1.0,1.0,5,3,3,1,56,9,9,8
0.0,0.0,17,0.0,0.0,1.0,2,1,0.0,3.0,3.0,1.0,2,2,0,0.0,1.0,0.0,1.0,1.0,1.0,1.0,0.0,4,2,5,5,2,6,6,6
0.0,1.0,19,1.0,0.0,1.0,1,2,2.0,3.0,0.0,2.0,1,2,1,0.0,0.0,0.0,0.0,0.0,1.0,1.0,0.0,4,5,2,4,3,13,11,11
0.0,0.0,19,0.0,0.0,0.0,3,1,3.0,0.0,1.0,2.0,1,3,1,0.0,0.0,1.0,0.0,1.0,1.0,0.0,0.0,5,4,3,5,12,14,13,13
0.0,0.0,18,1.0,0.0,1.0,4,4,1.0,1.0,3.0,0.0,1,2,1,1.0,1.0,0.0,1.0,1.0,1.0,1.0,1.0,2,4,4,4,15,9,8,8
0.0,1.0,16,0.0,0.0,1.0,4,4,4.0,4.0,0.0,1.0,1,1,0,0.0,0.0,1.0,1.0,1.0,1.0,1.0,0.0,3,5,5,4,8,18,18,18
0.0,0.0,15,0.0,0.0,1.0,3,4,3.0,1.0,0.0,1.0,1,3,0,1.0,1.0,1.0,1.0,1.0,1.0,1.0,0.0,4,3,2,5,2,12,12,11
0.0,0.0,15,1.0,0.0,1.0,2,1,3.0,2.0,3.0,0.0,3,3,0,0.0,1.0,0.0,1.0,1.0,1.0,1.0,0.0,5,2,2,4,4,10,12,12
0.0,1.0,17,1.0,0.0,1.0,3,1,3.0,2.0,2.0,1.0,1,2,0,0.0,0.0,1.0,1.0,1.0,1.0,1.0,1.0,5,4,4,5,2,9,9,10
0.0,1.0,17,1.0,0.0,1.0,3,3,3.0,3.0,2.0,1.0,1,2,0,0.0,1.0,0.0,1.0,1.0,1.0,1.0,1.0,4,3,4,4,12,12,12,11
0.0,1.0,16,1.0,0.0,1.0,4,4,1.0,2.0,3.0,0.0,1,2,0,0.0,1.0,1.0,1.0,1.0,1.0,1.0,0.0,4,2,4,1,2,14,13,13
0.0,0.0,16,1.0,0.0,1.0,2,2,0.0,2.0,1.0,1.0,1,2,1,1.0,0.0,0.0,1.0,1.0,1.0,1.0,0.0,3,1,2,5,6,10,13,13
0.0,1.0,17,1.0,0.0,1.0,4,3,2.0,2.0,0.0,1.0,1,2,0,0.0,1.0,0.0,1.0,1.0,1.0,1.0,1.0,5,2,3,2,4,10,10,11
0.0,1.0,18,0.0,1.0,0.0,3,4,2.0,2.0,3.0,1.0,2,2,0,0.0,1.0,1.0,1.0,1.0,1.0,1.0,0.0,4,2,5,1,13,17,17,17
0.0,1.0,18,1.0,0.0,1.0,4,4,4.0,3.0,1.0,1.0,2,1,0,0.0,0.0,1.0,1.0,1.0,1.0,1.0,0.0,3,2,4,3,22,9,9,9
0.0,1.0,16,1.0,0.0,1.0,3,3,2.0,3.0,1.0,0.0,2,1,0,0.0,0.0,0.0,1.0,1.0,1.0,1.0,0.0,5,4,2,5,0,13,14,13
1.0,0.0,17,1.0,1.0,1.0,4,4,0.0,0.0,0.0,1.0,1,2,0,0.0,1.0,1.0,1.0,1.0,1.0,1.0,1.0,2,3,4,1,0,16,15,15
0.0,1.0,18,1.0,0.0,1.0,4,3,4.0,2.0,0.0,1.0,1,3,0,0.0,1.0,1.0,0.0,1.0,1.0,1.0,1.0,5,4,5,5,0,10,10,9
1.0,0.0,17,0.0,0.0,1.0,3,1,0.0,2.0,3.0,1.0,1,2,0,0.0,1.0,1.0,1.0,0.0,1.0,1.0,0.0,4,5,4,1,17,10,10,10
0.0,0.0,18,1.0,0.0,1.0,1,1,2.0,2.0,1.0,1.0,2,2,0,1.0,0.0,0.0,1.0,1.0,1.0,1.0,0.0,5,4,4,4,4,8,9,10
1.0,0.0,17,1.0,1.0,0.0,3,2,3.0,2.0,3.0,1.0,2,2,0,0.0,0.0,0.0,0.0,1.0,1.0,0.0,1.0,1,2,3,5,2,12,12,11
0.0,1.0,17,0.0,1.0,1.0,1,1,2.0,3.0,0.0,1.0,4,2,3,0.0,0.0,0.0,1.0,1.0,0.0,0.0,1.0,5,3,5,5,0,5,8,7
0.0,1.0,22,1.0,0.0,1.0,3,1,3.0,3.0,2.0,1.0,1,1,3,0.0,0.0,0.0,0.0,0.0,0.0,1.0,1.0,5,4,5,1,16,6,8,8
0.0,1.0,17,0.0,0.0,1.0,3,4,0.0,2.0,0.0,1.0,3,2,0,0.0,0.0,0.0,0.0,1.0,1.0,0.0,0.0,5,4,5,5,0,10,0,0
0.0,0.0,17,1.0,0.0,1.0,4,4,2.0,4.0,0.0,1.0,1,1,0,1.0,1.0,0.0,0.0,1.0,1.0,0.0,1.0,4,2,1,4,0,11,11,12
0.0,0.0,16,1.0,1.0,1.0,4,4,4.0,4.0,3.0,1.0,1,2,0,0.0,1.0,1.0,0.0,1.0,1.0,1.0,0.0,4,5,2,3,0,9,9,10
0.0,1.0,16,0.0,1.0,1.0,3,3,4.0,2.0,1.0,0.0,3,1,0,0.0,1.0,1.0,1.0,1.0,1.0,1.0,0.0,3,3,4,3,8,9,9,10
1.0,0.0,19,0.0,0.0,1.0,2,3,3.0,2.0,0.0,1.0,1,3,1,0.0,0.0,0.0,1.0,0.0,1.0,1.0,0.0,5,4,2,5,0,7,5,0
0.0,0.0,15,1.0,1.0,1.0,1,1,0.0,2.0,2.0,1.0,1,2,3,1.0,0.0,1.0,0.0,1.0,1.0,1.0,0.0,4,3,2,3,10,7,8,10
0.0,0.0,16,0.0,0.0,1.0,2,2,3.0,3.0,3.0,1.0,2,4,0,0.0,1.0,1.0,1.0,0.0,1.0,1.0,0.0,5,3,5,5,6,10,10,11
0.0,1.0,16,1.0,0.0,1.0,4,4,4.0,4.0,0.0,0.0,1,2,0,0.0,1.0,0.0,1.0,1.0,1.0,1.0,0.0,5,4,4,5,2,15,15,16
0.0,1.0,18,1.0,1.0,1.0,2,1,0.0,2.0,0.0,1.0,4,2,0,1.0,1.0,1.0,1.0,1.0,1.0,1.0,1.0,4,3,2,3,14,10,8,9
0.0,1.0,17,0.0,0.0,1.0,2,2,2.0,2.0,0.0,0.0,2,2,0,0.0,1.0,1.0,1.0,1.0,1.0,1.0,0.0,4,5,2,1,4,11,11,11
0.0,1.0,15,1.0,0.0,1.0,2,2,2.0,2.0,1.0,1.0,1,1,0,0.0,1.0,1.0,0.0,1.0,1.0,1.0,0.0,4,2,2,5,2,12,12,11
0.0,0.0,15,1.0,0.0,1.0,1,2,0.0,3.0,0.0,1.0,1,2,0,0.0,0.0,0.0,0.0,0.0,1.0,1.0,0.0,3,2,3,1,2,16,15,15
0.0,0.0,17,1.0,0.0,1.0,4,2,2.0,2.0,3.0,1.0,2,3,0,0.0,1.0,1.0,0.0,1.0,1.0,1.0,0.0,4,3,3,3,0,15,12,14
0.0,0.0,16,1.0,0.0,1.0,4,4,4.0,3.0,1.0,1.0,1,3,0,0.0,1.0,0.0,1.0,0.0,1.0,1.0,0.0,5,3,2,5,0,13,13,14
0.0,0.0,16,1.0,0.0,1.0,2,1,2.0,2.0,1.0,1.0,1,1,0,0.0,0.0,0.0,0.0,1.0,1.0,1.0,1.0,4,5,2,5,20,13,12,12
0.0,0.0,18,1.0,1.0,1.0,3,3,3.0,3.0,1.0,1.0,1,4,0,0.0,1.0,0.0,0.0,1.0,1.0,1.0,0.0,5,3,3,1,7,16,15,17
0.0,0.0,19,1.0,0.0,1.0,2,1,0.0,2.0,2.0,2.0,3,2,0,0.0,1.0,0.0,0.0,1.0,0.0,1.0,1.0,3,4,1,2,20,14,12,13
0.0,0.0,19,1.0,0.0,1.0,2,1,3.0,3.0,1.0,2.0,1,3,1,0.0,0.0,1.0,1.0,1.0,1.0,1.0,1.0,4,3,4,3,4,11,12,11
0.0,0.0,19,1.0,0.0,1.0,0,1,0.0,2.0,0.0,2.0,1,2,3,0.0,1.0,0.0,0.0,0.0,0.0,0.0,0.0,3,4,2,5,2,7,8,9
0.0,0.0,16,1.0,0.0,1.0,3,3,2.0,3.0,1.0,1.0,1,2,0,1.0,1.0,1.0,1.0,1.0,1.0,1.0,0.0,4,3,3,5,54,11,12,11
0.0,0.0,17,0.0,0.0,1.0,3,4,0.0,3.0,0.0,0.0,1,3,0,0.0,1.0,1.0,1.0,0.0,1.0,1.0,0.0,4,3,4,5,0,11,11,10
0.0,1.0,16,1.0,0.0,1.0,4,4,4.0,4.0,1.0,1.0,1,2,0,0.0,1.0,1.0,1.0,1.0,1.0,1.0,1.0,4,4,5,5,16,10,12,11
0.0,1.0,15,1.0,1.0,1.0,2,2,3.0,3.0,1.0,1.0,2,2,0,0.0,0.0,1.0,1.0,1.0,1.0,1.0,0.0,5,3,3,4,4,15,15,15
0.0,1.0,17,1.0,0.0,1.0,3,3,2.0,3.0,3.0,1.0,1,1,0,0.0,0.0,0.0,1.0,0.0,1.0,1.0,0.0,4,3,5,5,3,14,15,16
0.0,1.0,16,1.0,0.0,1.0,3,3,3.0,2.0,1.0,0.0,1,3,0,0.0,1.0,0.0,1.0,1.0,1.0,1.0,0.0,5,3,3,5,2,16,18,18
1.0,0.0,18,1.0,0.0,1.0,3,3,3.0,3.0,0.0,0.0,1,2,0,0.0,1.0,0.0,0.0,1.0,1.0,0.0,1.0,5,3,4,5,0,10,9,9
0.0,0.0,19,1.0,1.0,1.0,1,2,3.0,3.0,1.0,2.0,1,2,1,0.0,0.0,0.0,1.0,0.0,1.0,0.0,1.0,4,2,4,3,0,9,9,0
0.0,0.0,16,1.0,0.0,0.0,3,4,3.0,2.0,0.0,0.0,1,1,0,0.0,0.0,0.0,0.0,1.0,1.0,1.0,0.0,3,2,1,5,16,12,11,11
0.0,0.0,18,1.0,0.0,1.0,2,1,2.0,2.0,0.0,2.0,2,3,0,0.0,1.0,1.0,0.0,0.0,1.0,1.0,1.0,4,4,4,3,0,7,0,0
0.0,0.0,16,1.0,0.0,1.0,3,2,2.0,2.0,3.0,1.0,1,2,0,0.0,1.0,1.0,0.0,1.0,1.0,1.0,0.0,1,2,2,1,14,12,13,12
0.0,0.0,18,1.0,0.0,1.0,2,2,0.0,0.0,2.0,1.0,1,3,0,0.0,1.0,1.0,0.0,1.0,1.0,1.0,0.0,4,3,3,2,5,18,18,19
0.0,0.0,16,1.0,1.0,1.0,2,2,2.0,0.0,0.0,0.0,2,2,1,1.0,0.0,0.0,1.0,1.0,1.0,1.0,0.0,4,3,3,5,14,10,10,9
1.0,0.0,18,1.0,0.0,1.0,3,3,3.0,3.0,2.0,1.0,2,2,0,0.0,1.0,0.0,0.0,1.0,1.0,1.0,1.0,4,3,2,3,0,11,11,10
0.0,0.0,16,1.0,1.0,1.0,4,3,4.0,3.0,0.0,1.0,3,2,0,0.0,1.0,0.0,1.0,1.0,1.0,1.0,0.0,5,4,3,1,2,16,15,15
0.0,0.0,18,1.0,1.0,1.0,2,1,3.0,0.0,3.0,1.0,1,2,1,0.0,0.0,0.0,0.0,1.0,1.0,1.0,1.0,5,4,3,5,12,12,12,13
0.0,0.0,15,1.0,0.0,1.0,4,4,3.0,3.0,3.0,0.0,2,2,2,0.0,0.0,1.0,0.0,1.0,1.0,1.0,1.0,4,4,4,5,6,7,9,8
0.0,1.0,16,1.0,1.0,1.0,4,3,4.0,2.0,0.0,1.0,1,1,0,0.0,0.0,0.0,1.0,0.0,1.0,1.0,0.0,5,4,5,3,0,6,0,0
0.0,1.0,16,1.0,0.0,1.0,1,2,3.0,3.0,2.0,1.0,1,1,0,0.0,1.0,1.0,1.0,1.0,1.0,1.0,1.0,3,3,3,3,2,11,12,11
0.0,1.0,16,1.0,0.0,1.0,3,1,2.0,2.0,3.0,0.0,2,4,0,0.0,1.0,1.0,0.0,1.0,1.0,1.0,0.0,4,3,2,5,0,13,15,15
0.0,1.0,16,1.0,0.0,1.0,3,3,2.0,3.0,0.0,0.0,1,2,1,0.0,1.0,1.0,0.0,1.0,1.0,1.0,1.0,4,5,5,5,4,10,12,12
0.0,1.0,15,1.0,1.0,1.0,4,4,1.0,3.0,0.0,0.0,1,1,0,0.0,1.0,1.0,1.0,1.0,1.0,1.0,0.0,4,3,3,5,2,14,14,14
0.0,0.0,15,1.0,0.0,1.0,2,3,2.0,2.0,2.0,0.0,2,1,0,0.0,1.0,0.0,1.0,1.0,1.0,0.0,0.0,3,5,1,5,0,8,7,6
0.0,1.0,16,1.0,1.0,0.0,3,4,3.0,2.0,1.0,1.0,1,2,0,1.0,1.0,0.0,1.0,1.0,1.0,1.0,0.0,5,3,3,5,4,11,11,11
0.0,1.0,16,1.0,0.0,1.0,3,4,2.0,2.0,0.0,0.0,3,1,2,0.0,1.0,0.0,1.0,0.0,1.0,1.0,0.0,3,4,5,2,0,6,5,0
0.0,0.0,15,1.0,0.0,1.0,4,4,4.0,3.0,0.0,1.0,1,3,0,0.0,1.0,1.0,1.0,1.0,1.0,1.0,0.0,4,2,2,5,2,9,11,11
0.0,0.0,19,1.0,0.0,1.0,1,1,0.0,1.0,1.0,2.0,1,3,2,0.0,0.0,0.0,0.0,0.0,1.0,1.0,1.0,4,1,2,3,14,15,13,13
0.0,1.0,18,1.0,0.0,1.0,4,2,1.0,2.0,3.0,0.0,1,2,0,0.0,1.0,1.0,1.0,1.0,1.0,1.0,1.0,5,4,5,5,10,10,9,10
0.0,0.0,17,1.0,0.0,1.0,1,1,0.0,2.0,3.0,1.0,1,3,1,0.0,1.0,0.0,1.0,1.0,1.0,0.0,1.0,4,3,4,5,0,6,5,0
0.0,0.0,15,0.0,0.0,1.0,1,1,0.0,2.0,1.0,1.0,2,4,1,1.0,1.0,1.0,1.0,1.0,1.0,1.0,0.0,3,1,2,1,2,7,10,10
0.0,0.0,15,1.0,1.0,1.0,4,2,1.0,2.0,2.0,1.0,1,2,0,0.0,1.0,1.0,0.0,1.0,1.0,1.0,0.0,4,3,3,5,2,11,13,13
0.0,1.0,17,1.0,1.0,1.0,4,3,1.0,2.0,0.0,1.0,2,2,0,0.0,0.0,0.0,1.0,1.0,1.0,1.0,1.0,2,5,5,5,14,12,12,12
0.0,1.0,18,0.0,1.0,1.0,3,2,3.0,2.0,3.0,1.0,2,3,0,0.0,1.0,1.0,1.0,1.0,1.0,1.0,0.0,5,4,2,4,8,14,13,14
0.0,0.0,18,1.0,0.0,1.0,2,4,3.0,0.0,3.0,2.0,1,2,1,0.0,1.0,1.0,1.0,1.0,1.0,1.0,0.0,4,4,3,3,8,14,12,12
0.0,1.0,16,0.0,0.0,1.0,4,2,4.0,3.0,2.0,1.0,1,1,0,0.0,1.0,0.0,1.0,1.0,1.0,1.0,1.0,4,3,3,3,10,10,8,9
0.0,1.0,15,1.0,1.0,1.0,4,4,4.0,2.0,1.0,2.0,1,1,0,0.0,1.0,0.0,0.0,0.0,1.0,1.0,1.0,5,4,3,5,8,12,12,12
1.0,1.0,18,1.0,1.0,1.0,1,3,0.0,3.0,0.0,1.0,1,1,1,0.0,0.0,0.0,0.0,1.0,0.0,1.0,1.0,4,3,3,3,7,8,7,8
0.0,0.0,16,1.0,0.0,0.0,3,1,3.0,2.0,0.0,1.0,1,2,3,0.0,1.0,1.0,0.0,1.0,1.0,1.0,0.0,2,3,3,4,5,7,7,7
0.0,1.0,17,0.0,0.0,1.0,2,1,2.0,2.0,0.0,1.0,1,1,0,0.0,0.0,0.0,0.0,0.0,1.0,1.0,0.0,4,4,2,5,0,8,12,12
0.0,1.0,17,0.0,0.0,1.0,2,2,3.0,2.0,0.0,1.0,4,1,0,0.0,1.0,0.0,0.0,1.0,1.0,1.0,0.0,4,4,5,4,8,11,10,10
0.0,0.0,16,1.0,0.0,1.0,3,3,2.0,2.0,1.0,0.0,1,2,0,0.0,1.0,1.0,0.0,1.0,1.0,0.0,0.0,4,3,2,5,4,6,10,10
0.0,0.0,17,1.0,1.0,1.0,4,2,4.0,3.0,3.0,1.0,1,4,0,0.0,1.0,1.0,1.0,1.0,1.0,1.0,0.0,4,2,3,4,6,14,12,13
1.0,1.0,19,0.0,0.0,1.0,1,1,2.0,2.0,1.0,2.0,3,1,1,0.0,1.0,0.0,0.0,1.0,1.0,1.0,0.0,4,4,4,5,4,8,8,8
0.0,1.0,16,1.0,0.0,1.0,4,4,3.0,3.0,2.0,1.0,1,1,0,1.0,1.0,1.0,1.0,1.0,1.0,1.0,0.0,4,5,5,4,14,7,7,5
0.0,0.0,17,1.0,0.0,1.0,3,2,2.0,2.0,0.0,1.0,1,2,0,0.0,0.0,0.0,1.0,0.0,1.0,1.0,0.0,5,3,4,3,10,16,15,15
0.0,0.0,17,1.0,0.0,1.0,3,2,2.0,2.0,1.0,1.0,1,2,0,0.0,1.0,1.0,0.0,1.0,1.0,1.0,1.0,4,3,2,2,0,7,8,0
0.0,1.0,18,1.0,0.0,1.0,2,2,3.0,2.0,1.0,1.0,1,2,1,0.0,1.0,1.0,1.0,1.0,1.0,1.0,0.0,4,4,4,5,15,6,7,8
0.0,1.0,16,1.0,0.0,1.0,1,0,2.0,2.0,3.0,1.0,2,2,0,0.0,1.0,1.0,1.0,1.0,1.0,1.0,1.0,4,3,2,3,2,13,15,16
0.0,0.0,16,1.0,0.0,1.0,4,4,2.0,2.0,3.0,1.0,1,1,0,0.0,0.0,0.0,1.0,0.0,1.0,1.0,0.0,5,3,4,1,6,11,14,14
0.0,0.0,17,1.0,1.0,1.0,3,2,2.0,2.0,3.0,1.0,2,2,0,0.0,0.0,1.0,0.0,1.0,1.0,1.0,0.0,4,4,4,1,2,14,15,15
0.0,0.0,16,1.0,0.0,1.0,1,1,3.0,3.0,0.0,0.0,4,1,0,1.0,1.0,0.0,1.0,0.0,1.0,1.0,1.0,5,5,5,5,6,10,8,11
0.0,1.0,16,1.0,0.0,1.0,4,3,1.0,3.0,3.0,1.0,1,4,0,0.0,0.0,0.0,1.0,1.0,1.0,1.0,0.0,4,2,2,2,4,19,19,20
0.0,1.0,15,0.0,0.0,1.0,4,3,4.0,0.0,0.0,1.0,1,2,0,0.0,1.0,0.0,1.0,1.0,1.0,1.0,1.0,4,5,2,5,0,17,16,16
0.0,0.0,18,0.0,0.0,1.0,4,4,4.0,2.0,3.0,1.0,2,2,0,0.0,0.0,1.0,1.0,1.0,1.0,1.0,0.0,4,3,4,4,8,12,10,11
0.0,0.0,16,1.0,0.0,1.0,4,3,1.0,2.0,1.0,1.0,1,2,0,0.0,1.0,0.0,1.0,1.0,1.0,1.0,0.0,4,3,5,2,2,16,16,16
1.0,1.0,17,1.0,0.0,1.0,3,3,1.0,2.0,0.0,1.0,2,2,0,0.0,1.0,1.0,0.0,1.0,1.0,1.0,0.0,4,5,4,3,2,13,13,13
0.0,1.0,15,1.0,0.0,1.0,4,2,1.0,3.0,2.0,1.0,1,1,0,0.0,0.0,1.0,0.0,1.0,1.0,1.0,0.0,2,2,4,1,4,15,16,15
1.0,0.0,20,1.0,0.0,1.0,4,2,1.0,2.0,0.0,2.0,2,3,2,0.0,1.0,1.0,0.0,0.0,1.0,1.0,1.0,5,4,3,3,4,15,14,15
0.0,0.0,17,1.0,1.0,1.0,4,3,1.0,2.0,3.0,0.0,1,2,0,0.0,0.0,0.0,1.0,1.0,1.0,1.0,1.0,3,2,3,3,14,13,13,14
0.0,0.0,18,1.0,0.0,1.0,4,3,3.0,2.0,1.0,0.0,1,2,0,0.0,1.0,1.0,0.0,1.0,1.0,1.0,1.0,3,1,2,2,21,17,18,18
0.0,1.0,18,1.0,0.0,1.0,2,1,3.0,3.0,3.0,1.0,1,3,0,0.0,0.0,1.0,1.0,1.0,1.0,1.0,0.0,4,2,4,2,6,15,14,14
0.0,1.0,16,1.0,1.0,1.0,1,2,2.0,2.0,0.0,1.0,2,1,1,0.0,0.0,0.0,1.0,1.0,1.0,0.0,0.0,4,4,4,5,0,7,0,0
0.0,0.0,17,1.0,0.0,1.0,3,4,3.0,2.0,0.0,1.0,1,3,0,0.0,0.0,0.0,0.0,1.0,1.0,1.0,0.0,4,4,5,5,16,16,15,15
0.0,1.0,16,1.0,1.0,1.0,1,1,3.0,2.0,0.0,1.0,1,2,1,0.0,0.0,0.0,0.0,1.0,1.0,0.0,1.0,4,4,4,5,0,14,12,12
0.0,0.0,16,1.0,1.0,1.0,1,2,2.0,3.0,3.0,0.0,1,2,0,1.0,0.0,0.0,1.0,1.0,1.0,1.0,0.0,4,4,3,1,4,8,10,9
0.0,0.0,15,1.0,0.0,1.0,4,4,3.0,0.0,0.0,1.0,1,3,0,0.0,1.0,0.0,1.0,1.0,1.0,1.0,1.0,4,3,3,5,0,11,0,0
0.0,1.0,18,0.0,0.0,1.0,2,2,3.0,2.0,3.0,1.0,1,1,2,0.0,1.0,0.0,1.0,1.0,1.0,1.0,0.0,3,3,3,4,0,7,4,0
0.0,1.0,15,1.0,1.0,0.0,3,2,3.0,2.0,1.0,1.0,1,2,0,0.0,1.0,1.0,0.0,1.0,1.0,1.0,0.0,4,2,2,1,0,16,18,19
0.0,0.0,15,1.0,1.0,1.0,4,3,3.0,3.0,3.0,0.0,1,2,0,1.0,0.0,0.0,1.0,1.0,1.0,1.0,1.0,4,4,4,2,0,10,10,10
0.0,0.0,18,1.0,1.0,0.0,4,4,1.0,2.0,1.0,1.0,1,2,0,0.0,1.0,0.0,0.0,1.0,1.0,1.0,1.0,4,2,4,4,14,12,10,11
0.0,1.0,15,1.0,0.0,0.0,2,2,2.0,2.0,1.0,2.0,1,3,0,0.0,1.0,0.0,0.0,1.0,1.0,1.0,1.0,4,5,2,3,0,14,16,16
0.0,1.0,17,0.0,1.0,1.0,1,2,2.0,2.0,3.0,1.0,1,1,0,0.0,0.0,0.0,0.0,1.0,1.0,0.0,0.0,2,2,2,5,8,16,12,13
0.0,0.0,16,1.0,1.0,1.0,2,2,2.0,2.0,1.0,1.0,2,2,1,0.0,1.0,0.0,1.0,0.0,1.0,1.0,1.0,3,3,3,3,25,7,10,11
1.0,1.0,18,0.0,1.0,1.0,1,1,0.0,2.0,2.0,1.0,2,2,1,0.0,0.0,0.0,1.0,0.0,0.0,0.0,0.0,4,4,3,5,2,13,12,12
1.0,1.0,17,0.0,0.0,1.0,4,3,3.0,2.0,1.0,1.0,2,2,0,0.0,1.0,1.0,1.0,0.0,1.0,1.0,1.0,4,5,5,2,4,13,11,11
0.0,0.0,17,1.0,0.0,1.0,4,3,2.0,2.0,3.0,1.0,1,2,2,0.0,0.0,1.0,0.0,1.0,1.0,1.0,1.0,3,4,5,1,22,6,6,4
0.0,1.0,18,1.0,1.0,1.0,4,3,4.0,3.0,0.0,1.0,2,1,0,0.0,0.0,1.0,1.0,1.0,1.0,1.0,0.0,4,2,3,1,8,10,11,10
0.0,1.0,18,1.0,0.0,1.0,4,4,4.0,3.0,1.0,0.0,1,2,1,0.0,1.0,0.0,1.0,1.0,1.0,1.0,0.0,4,3,3,2,0,10,10,0
0.0,1.0,17,1.0,1.0,1.0,2,2,2.0,2.0,1.0,0.0,1,2,0,0.0,0.0,1.0,1.0,0.0,1.0,1.0,1.0,4,4,2,4,4,14,13,13
0.0,0.0,16,1.0,0.0,1.0,4,3,4.0,2.0,2.0,1.0,1,2,0,0.0,0.0,1.0,1.0,1.0,1.0,1.0,1.0,1,3,2,1,10,11,12,13
0.0,0.0,16,1.0,0.0,0.0,2,2,2.0,2.0,3.0,1.0,1,2,0,1.0,1.0,1.0,0.0,1.0,1.0,1.0,0.0,3,3,4,4,0,12,13,14
0.0,1.0,17,1.0,0.0,1.0,3,3,1.0,2.0,1.0,1.0,1,1,0,0.0,1.0,1.0,0.0,1.0,1.0,1.0,0.0,4,4,3,5,4,14,12,11
1.0,1.0,18,1.0,0.0,1.0,4,4,4.0,4.0,1.0,0.0,1,2,0,0.0,0.0,1.0,1.0,0.0,1.0,1.0,0.0,3,2,4,2,4,15,14,14
0.0,1.0,16,1.0,0.0,1.0,3,3,0.0,2.0,3.0,2.0,3,2,0,1.0,1.0,0.0,0.0,0.0,1.0,1.0,0.0,5,3,3,2,6,7,10,10
1.0,0.0,18,0.0,0.0,1.0,2,2,0.0,2.0,2.0,1.0,2,3,0,0.0,0.0,1.0,0.0,1.0,1.0,0.0,0.0,5,3,3,4,2,10,9,10
1.0,0.0,18,0.0,1.0,0.0,1,4,0.0,2.0,0.0,1.0,3,2,0,0.0,0.0,0.0,0.0,1.0,1.0,0.0,1.0,4,3,4,5,0,13,13,13
0.0,0.0,17,1.0,0.0,1.0,3,2,1.0,1.0,3.0,0.0,1,4,0,0.0,1.0,1.0,1.0,0.0,1.0,1.0,0.0,5,2,2,5,0,17,17,18
0.0,0.0,18,0.0,0.0,1.0,2,1,2.0,2.0,3.0,1.0,2,2,0,0.0,1.0,0.0,0.0,1.0,0.0,1.0,1.0,4,3,5,3,0,6,0,0
0.0,0.0,16,1.0,0.0,1.0,2,3,2.0,2.0,3.0,1.0,1,2,0,1.0,1.0,1.0,1.0,1.0,1.0,0.0,0.0,4,4,3,4,6,8,10,10
0.0,1.0,15,0.0,0.0,1.0,3,2,2.0,2.0,0.0,1.0,2,2,2,1.0,1.0,0.0,0.0,1.0,1.0,1.0,1.0,4,4,4,3,6,5,9,7
0.0,1.0,15,1.0,0.0,1.0,2,2,3.0,3.0,0.0,0.0,1,1,0,1.0,1.0,0.0,0.0,1.0,1.0,1.0,0.0,5,4,1,1,0,8,8,11
0.0,1.0,18,1.0,1.0,1.0,3,3,3.0,1.0,1.0,0.0,1,2,1,0.0,1.0,1.0,0.0,1.0,1.0,1.0,0.0,3,2,4,4,13,6,6,8
0.0,0.0,16,1.0,0.0,1.0,2,3,3.0,3.0,0.0,1.0,1,2,0,0.0,0.0,0.0,0.0,1.0,1.0,1.0,0.0,4,3,3,2,10,11,12,13
0.0,0.0,19,1.0,1.0,1.0,1,1,0.0,2.0,3.0,2.0,1,2,1,1.0,1.0,0.0,1.0,0.0,1.0,1.0,0.0,4,4,3,3,18,12,10,10
0.0,0.0,17,1.0,1.0,1.0,2,2,3.0,3.0,0.0,0.0,1,4,0,0.0,0.0,1.0,1.0,1.0,1.0,1.0,1.0,3,4,1,2,0,10,9,0
0.0,0.0,15,1.0,0.0,0.0,3,3,2.0,1.0,3.0,0.0,1,4,0,1.0,0.0,0.0,0.0,1.0,1.0,0.0,0.0,4,3,3,4,10,10,11,11
0.0,0.0,15,1.0,0.0,1.0,4,4,3.0,3.0,0.0,1.0,1,1,0,1.0,1.0,1.0,0.0,1.0,1.0,1.0,0.0,3,3,4,5,0,8,10,11
0.0,0.0,17,1.0,0.0,1.0,1,1,0.0,2.0,0.0,0.0,1,2,0,0.0,1.0,0.0,0.0,0.0,1.0,1.0,0.0,5,3,3,3,4,5,5,6
0.0,0.0,15,1.0,0.0,1.0,4,4,3.0,4.0,2.0,0.0,1,2,1,1.0,1.0,0.0,1.0,0.0,1.0,1.0,0.0,4,4,4,3,2,7,7,7
0.0,1.0,15,1.0,0.0,1.0,2,3,2.0,3.0,0.0,0.0,1,1,0,1.0,1.0,1.0,1.0,0.0,1.0,1.0,1.0,3,2,2,3,2,10,12,12
0.0,0.0,17,1.0,0.0,1.0,3,4,0.0,3.0,1.0,1.0,1,3,1,0.0,1.0,1.0,0.0,1.0,1.0,1.0,1.0,4,4,3,5,28,10,9,9
0.0,1.0,16,1.0,0.0,1.0,3,2,2.0,2.0,1.0,1.0,1,1,0,0.0,1.0,1.0,0.0,0.0,1.0,1.0,0.0,5,4,3,5,0,12,14,15
0.0,0.0,17,1.0,0.0,1.0,3,3,2.0,2.0,1.0,1.0,1,3,0,0.0,0.0,0.0,1.0,0.0,1.0,0.0,0.0,3,2,3,4,4,10,9,9
0.0,0.0,15,1.0,0.0,1.0,4,3,3.0,2.0,3.0,1.0,1,1,0,0.0,0.0,1.0,1.0,1.0,1.0,1.0,0.0,4,5,5,1,4,16,17,18
0.0,0.0,17,0.0,0.0,0.0,3,2,2.0,2.0,1.0,1.0,1,2,0,0.0,1.0,1.0,0.0,1.0,1.0,1.0,0.0,4,3,3,2,4,9,10,10
0.0,1.0,15,1.0,1.0,0.0,4,2,1.0,1.0,2.0,0.0,2,1,1,0.0,0.0,0.0,0.0,1.0,1.0,0.0,0.0,5,5,5,5,6,11,11,10
0.0,0.0,18,1.0,0.0,1.0,2,2,0.0,3.0,1.0,1.0,1,3,0,0.0,1.0,1.0,1.0,1.0,1.0,1.0,1.0,4,3,3,3,0,9,10,0
0.0,1.0,17,0.0,1.0,0.0,4,4,4.0,2.0,0.0,1.0,2,2,0,0.0,1.0,1.0,0.0,1.0,1.0,1.0,0.0,3,3,3,4,2,10,11,12
0.0,1.0,15,1.0,0.0,1.0,4,3,4.0,2.0,0.0,1.0,2,2,0,0.0,1.0,1.0,0.0,1.0,1.0,1.0,0.0,5,4,3,3,2,10,10,11
0.0,0.0,19,0.0,0.0,1.0,2,3,2.0,2.0,3.0,2.0,1,3,1,0.0,0.0,0.0,0.0,1.0,1.0,1.0,1.0,4,1,2,3,40,13,11,11
0.0,1.0,16,1.0,0.0,1.0,2,2,3.0,2.0,3.0,0.0,2,2,1,0.0,0.0,1.0,1.0,0.0,1.0,1.0,0.0,4,4,2,3,12,11,10,10
0.0,1.0,17,0.0,0.0,1.0,1,2,0.0,0.0,1.0,1.0,1,2,0,0.0,1.0,1.0,1.0,0.0,1.0,0.0,1.0,3,5,2,1,2,15,14,14
0.0,1.0,16,1.0,0.0,1.0,2,2,2.0,2.0,0.0,0.0,1,2,0,0.0,0.0,0.0,0.0,1.0,0.0,1.0,0.0,4,3,5,4,4,10,10,10
0.0,0.0,17,1.0,0.0,1.0,4,4,4.0,3.0,0.0,1.0,1,3,0,0.0,1.0,1.0,1.0,1.0,1.0,1.0,0.0,5,4,4,4,7,10,9,9
1.0,0.0,18,1.0,1.0,1.0,3,1,4.0,3.0,0.0,1.0,1,2,0,0.0,1.0,1.0,0.0,1.0,1.0,1.0,0.0,4,3,4,1,0,7,9,8
0.0,1.0,15,0.0,0.0,1.0,3,4,0.0,4.0,0.0,1.0,4,2,0,0.0,1.0,0.0,0.0,1.0,1.0,0.0,1.0,5,3,3,5,0,9,0,0
0.0,1.0,20,1.0,0.0,0.0,3,2,3.0,2.0,0.0,2.0,1,1,0,0.0,0.0,0.0,1.0,1.0,1.0,0.0,0.0,5,5,3,5,0,17,18,18
1.0,0.0,18,1.0,0.0,1.0,3,3,2.0,2.0,1.0,1.0,1,2,0,0.0,0.0,1.0,0.0,1.0,1.0,1.0,1.0,4,1,3,1,0,15,15,15
0.0,0.0,18,1.0,0.0,1.0,4,4,4.0,2.0,0.0,1.0,1,2,0,0.0,1.0,1.0,0.0,1.0,1.0,1.0,0.0,4,4,4,5,2,11,11,11
0.0,1.0,16,1.0,0.0,1.0,4,4,3.0,3.0,0.0,1.0,1,1,0,0.0,0.0,0.0,1.0,1.0,1.0,1.0,0.0,5,3,2,5,0,13,12,12
0.0,0.0,15,1.0,1.0,0.0,3,3,2.0,2.0,2.0,1.0,1,1,0,0.0,0.0,1.0,0.0,1.0,1.0,1.0,0.0,5,3,4,1,6,10,13,13
0.0,0.0,16,1.0,1.0,1.0,2,2,3.0,3.0,0.0,1.0,3,2,0,0.0,1.0,1.0,0.0,1.0,1.0,1.0,0.0,4,3,3,4,2,12,13,13
0.0,0.0,16,1.0,1.0,1.0,3,3,2.0,2.0,3.0,1.0,2,2,0,0.0,1.0,1.0,1.0,1.0,1.0,1.0,0.0,4,4,5,4,4,10,11,9
0.0,1.0,17,0.0,0.0,1.0,1,2,0.0,2.0,1.0,1.0,1,2,0,0.0,0.0,0.0,0.0,1.0,1.0,0.0,0.0,3,1,3,3,4,8,9,10
1.0,1.0,21,0.0,0.0,1.0,1,1,2.0,2.0,0.0,2.0,1,1,3,0.0,0.0,0.0,0.0,0.0,1.0,0.0,0.0,5,5,3,3,3,10,8,7
0.0,1.0,16,1.0,1.0,1.0,2,1,2.0,2.0,0.0,1.0,1,2,0,0.0,0.0,1.0,1.0,1.0,1.0,1.0,1.0,4,2,3,5,0,15,15,15
0.0,0.0,16,1.0,0.0,1.0,4,4,1.0,1.0,3.0,1.0,1,2,0,0.0,1.0,1.0,0.0,1.0,1.0,1.0,1.0,4,4,2,3,0,14,14,14
0.0,1.0,15,1.0,1.0,1.0,1,2,2.0,0.0,1.0,0.0,1,2,0,1.0,1.0,0.0,1.0,1.0,1.0,1.0,0.0,4,3,2,5,2,9,10,9
0.0,1.0,15,1.0,0.0,1.0,4,2,4.0,2.0,1.0,1.0,1,2,0,0.0,1.0,1.0,0.0,1.0,1.0,0.0,0.0,4,3,3,5,2,15,15,14
0.0,0.0,18,1.0,0.0,1.0,2,3,0.0,2.0,0.0,1.0,1,3,0,0.0,1.0,0.0,0.0,1.0,1.0,1.0,0.0,4,3,3,3,4,11,10,10
0.0,1.0,16,1.0,0.0,1.0,3,2,0.0,2.0,3.0,1.0,2,3,0,0.0,0.0,0.0,1.0,1.0,1.0,1.0,1.0,5,3,3,2,10,11,9,10
0.0,1.0,18,1.0,0.0,1.0,2,1,3.0,3.0,2.0,1.0,1,1,1,0.0,0.0,0.0,0.0,0.0,0.0,1.0,0.0,3,2,5,5,4,6,9,8
0.0,1.0,15,1.0,0.0,1.0,4,4,1.0,1.0,2.0,0.0,1,1,0,0.0,1.0,1.0,0.0,1.0,1.0,1.0,0.0,5,4,2,5,0,12,15,15
0.0,0.0,19,1.0,1.0,1.0,3,2,3.0,2.0,3.0,2.0,2,2,1,0.0,1.0,1.0,0.0,0.0,1.0,1.0,1.0,4,2,2,1,22,13,10,11
0.0,1.0,17,0.0,1.0,1.0,2,1,0.0,2.0,0.0,1.0,2,1,2,0.0,0.0,0.0,1.0,1.0,0.0,1.0,1.0,3,3,2,5,0,7,6,0
0.0,0.0,18,0.0,0.0,0.0,3,2,2.0,3.0,1.0,1.0,2,2,0,0.0,0.0,0.0,0.0,0.0,0.0,1.0,1.0,4,1,1,5,75,10,9,9
0.0,0.0,17,1.0,0.0,1.0,1,1,0.0,3.0,0.0,1.0,1,2,0,0.0,0.0,0.0,1.0,1.0,1.0,1.0,0.0,5,3,3,3,0,8,8,9
0.0,0.0,17,0.0,1.0,1.0,3,1,3.0,2.0,3.0,1.0,2,4,0,0.0,1.0,1.0,0.0,1.0,1.0,0.0,0.0,3,1,2,3,6,18,18,18
0.0,0.0,17,1.0,0.0,0.0,2,2,0.0,0.0,1.0,0.0,1,2,1,0.0,1.0,0.0,0.0,1.0,1.0,1.0,1.0,3,3,1,4,0,9,8,0
0.0,1.0,19,1.0,1.0,0.0,4,3,3.0,0.0,3.0,1.0,1,2,0,0.0,1.0,0.0,0.0,1.0,1.0,1.0,0.0,4,3,1,1,12,11,11,11
0.0,1.0,19,0.0,0.0,1.0,3,3,2.0,3.0,3.0,0.0,1,2,1,0.0,0.0,0.0,1.0,1.0,1.0,0.0,1.0,4,5,3,5,0,15,12,12
0.0,1.0,15,1.0,1.0,0.0,2,1,3.0,2.0,0.0,1.0,4,1,3,0.0,0.0,0.0,0.0,1.0,1.0,1.0,0.0,4,5,5,5,0,8,9,10
0.0,0.0,15,0.0,0.0,1.0,3,4,3.0,4.0,0.0,0.0,2,3,2,0.0,1.0,0.0,0.0,1.0,1.0,1.0,1.0,4,2,2,5,0,12,0,0
0.0,1.0,16,1.0,1.0,1.0,2,1,0.0,2.0,0.0,1.0,1,1,1,0.0,0.0,0.0,1.0,1.0,1.0,0.0,1.0,4,4,4,5,6,12,13,14
1.0,0.0,18,1.0,1.0,1.0,1,1,0.0,3.0,0.0,0.0,2,3,0,0.0,0.0,0.0,0.0,1.0,1.0,1.0,0.0,5,3,2,4,0,18,16,16
0.0,0.0,16,1.0,0.0,1.0,4,3,2.0,0.0,0.0,1.0,1,3,0,1.0,1.0,1.0,0.0,1.0,1.0,1.0,0.0,5,3,5,3,0,7,9,8
1.0,0.0,17,1.0,0.0,1.0,2,2,2.0,0.0,1.0,1.0,1,3,0,0.0,0.0,0.0,1.0,1.0,1.0,0.0,1.0,3,4,3,3,8,13,11,11
0.0,0.0,15,1.0,0.0,1.0,4,2,2.0,2.0,3.0,1.0,1,3,0,0.0,1.0,0.0,1.0,1.0,1.0,1.0,0.0,5,3,3,1,4,13,14,14
0.0,1.0,18,1.0,1.0,1.0,2,2,2.0,2.0,0.0,1.0,1,4,0,0.0,1.0,0.0,1.0,1.0,1.0,1.0,0.0,4,5,5,5,2,9,8,8
0.0,0.0,17,0.0,1.0,1.0,4,4,3.0,2.0,2.0,1.0,1,1,0,0.0,1.0,1.0,0.0,1.0,1.0,0.0,0.0,5,2,1,3,12,8,10,10
0.0,1.0,15,1.0,0.0,1.0,2,2,3.0,3.0,1.0,0.0,1,4,0,0.0,1.0,1.0,1.0,1.0,1.0,1.0,0.0,5,5,4,5,6,16,14,15
1.0,1.0,19,1.0,1.0,1.0,1,1,2.0,0.0,0.0,0.0,1,1,0,0.0,0.0,0.0,0.0,1.0,1.0,1.0,0.0,3,2,3,5,5,8,9,9
0.0,1.0,15,1.0,0.0,1.0,4,3,4.0,2.0,3.0,1.0,1,2,0,0.0,0.0,0.0,0.0,1.0,1.0,1.0,0.0,4,4,1,1,0,13,14,15
0.0,0.0,17,1.0,0.0,0.0,3,3,1.0,2.0,3.0,1.0,1,2,0,0.0,1.0,0.0,0.0,0.0,1.0,1.0,1.0,3,3,3,3,6,8,7,9
0.0,1.0,15,1.0,0.0,1.0,4,2,2.0,2.0,0.0,1.0,1,4,0,0.0,0.0,0.0,0.0,1.0,1.0,1.0,0.0,3,3,3,3,0,10,10,10
0.0,0.0,15,1.0,0.0,1.0,2,2,2.0,2.0,0.0,1.0,1,4,0,1.0,1.0,1.0,0.0,1.0,1.0,1.0,0.0,5,1,2,3,8,7,8,8
0.0,0.0,19,1.0,0.0,1.0,3,3,2.0,3.0,1.0,2.0,1,2,2,0.0,1.0,1.0,1.0,1.0,1.0,1.0,0.0,4,3,5,5,15,9,9,9
0.0,0.0,17,1.0,0.0,1.0,4,3,1.0,2.0,3.0,1.0,1,3,0,0.0,1.0,1.0,1.0,1.0,1.0,1.0,1.0,4,4,3,4,0,13,15,15
0.0,1.0,15,1.0,0.0,1.0,4,4,3.0,2.0,0.0,1.0,1,1,0,0.0,1.0,0.0,1.0,0.0,1.0,1.0,0.0,5,3,3,5,4,10,13,14
0.0,0.9840337477797858,16,1.0,0.0,1.0,1,1,1.9680674955595716,2.0,0.9840337477797858,1.0,1,1,2,0.0,1.0,0.0,0.015966252220214194,0.9840337477797858,1.0,1.0,0.015966252220214194,4,3,4,4,0,5,0,0
0.0,0.769106174377851,16,0.230893825622149,0.0,1.0,1,2,0.0,0.692681476866447,0.769106174377851,1.0,1,2,0,0.0,0.769106174377851,0.769106174377851,0.769106174377851,0.0,1.0,0.230893825622149,0.769106174377851,3,4,2,1,2,15,14,14
0.0,0.24102546602601171,15,1.0,0.7589745339739883,1.0,2,3,2.0,1.2410254660260116,0.24102546602601171,0.24102546602601171,1,1,0,0.0,1.0,1.0,0.7589745339739883,1.0,1.0,1.0,0.7589745339739883,4,2,2,5,2,12,12,12
0.0,0.6832635188254582,15,1.0,0.0,1.0,4,3,4.0,1.6832635188254583,0.9502094435236255,1.0,1,2,0,0.0,1.0,1.0,0.0,1.0,1.0,1.0,0.0,4,3,3,2,1,10,9,10
0.0,0.0,16,0.3900033422173791,0.6099966577826209,1.0,3,3,2.609996657782621,2.0,2.390003342217379,1.0,1,1,0,0.0,1.0,1.0,0.0,1.0,1.0,0.3900033422173791,0.0,3,2,1,2,12,9,11,10
0.16680508826383567,0.8331949117361643,17,0.0,0.0,1.0,1,1,2.8331949117361646,2.1668050882638354,3.0,1.0,1,1,1,0.0,1.0,0.16680508826383567,0.8331949117361643,1.0,1.0,1.0,0.16680508826383567,3,2,2,3,0,7,4,0
0.0,0.8266353464922279,16,1.0,0.0,1.0,1,1,1.6532706929844558,2.0,0.8266353464922279,1.0,1,1,2,0.0,1.0,0.0,0.17336465350777208,0.8266353464922279,1.0,1.0,0.17336465350777208,4,3,4,4,0,5,0,0
0.0,1.0,15,1.0,0.0,1.0,3,3,3.0,2.608939392426759,1.0,0.3910606075732408,1,1,0,0.6089393924267592,0.0,0.3910606075732408,0.3910606075732408,1.0,1.0,1.0,0.3910606075732408,4,3,4,4,0,12,13,12
0.0,0.0,16,1.0,0.0,0.18223608778806233,2,1,2.817763912211938,2.0,0.0,1.0,1,2,2,0.0,1.0,0.8177639122119377,0.0,0.8177639122119377,1.0,1.0,0.0,2,3,3,4,4,7,7,7
0.0,1.0,15,1.0,0.0,1.0,3,3,3.7553614103176525,3.7553614103176525,0.24463858968234753,0.0,1,2,0,0.0,1.0,0.24463858968234753,1.0,1.0,1.0,1.0,0.0,5,4,4,5,2,15,14,15
0.0,0.0,18,0.5748441255087553,0.5748441255087553,1.0,4,3,2.8503117489824894,2.0,1.8503117489824894,1.5748441255087553,2,2,0,0.0,0.5748441255087553,1.0,0.4251558744912447,1.0,1.0,1.0,0.5748441255087553,4,3,4,2,9,10,8,9
0.0,1.0,17,1.0,0.7920583371318112,1.0,3,4,3.5841166742636226,3.5841166742636226,1.4158833257363777,0.7920583371318112,1,1,0,0.0,0.7920583371318112,0.7920583371318112,0.0,1.0,1.0,1.0,0.7920583371318112,1,4,2,1,5,15,14,15
0.43229967218000853,0.5677003278199915,16,1.0,0.43229967218000853,0.5677003278199915,3,2,3.0,2.0,1.864599344360017,1.0,1,2,0,0.0,0.0,0.5677003278199915,0.5677003278199915,1.0,1.0,0.5677003278199915,1.0,2,2,3,3,2,12,12,11
0.0,0.0,16,1.0,0.9686867075444414,1.0,2,1,0.09393987736667575,2.0,0.0,1.0,1,2,0,0.03131329245555858,1.0,0.03131329245555858,0.0,1.0,1.0,0.03131329245555858,0.0,4,3,3,2,4,7,7,6
0.0,0.0,18,0.0,0.0,0.8422847745949985,3,3,3.8422847745949986,1.684569549189997,2.6845695491899972,1.1577152254050014,1,2,0,0.0,0.0,1.0,0.8422847745949985,1.0,1.0,0.8422847745949985,0.0,4,3,3,4,8,12,10,11
0.44975413336976566,0.5502458666302343,17,0.0,0.5502458666302343,1.0,1,1,0.8995082667395313,2.4497541333697654,1.349262400109297,1.0,2,1,1,0.0,0.44975413336976566,0.44975413336976566,0.5502458666302343,1.0,0.44975413336976566,1.0,1.0,3,2,1,3,0,7,6,0
0.3951502360018144,0.0,17,1.0,0.0,1.0,3,2,1.3951502360018144,1.3951502360018144,2.209699527996371,0.3951502360018144,1,3,0,0.0,0.6048497639981856,1.0,0.6048497639981856,0.3951502360018144,1.0,1.0,0.3951502360018144,4,1,2,3,0,16,16,16
0.0,0.0733411342062058,15,1.0,0.9266588657937942,1.0,4,2,4.0,2.926658865793794,0.0733411342062058,1.0,2,2,0,0.0,1.0,0.0733411342062058,0.9266588657937942,1.0,1.0,0.9266588657937942,0.0,4,3,3,1,2,15,15,14
0.0,0.0,15,1.0,0.0,1.0,1,2,0.0,2.1818159875692626,0.5454560082871582,1.0,1,2,0,0.0,0.2727280041435791,0.2727280041435791,0.0,0.2727280041435791,1.0,1.0,0.0,3,2,3,1,2,16,15,16
0.6734592311941646,0.0,17,1.0,0.0,1.0,2,2,1.3469184623883292,2.3265407688058355,0.6734592311941646,1.0,1,2,0,0.0,0.0,0.6734592311941646,0.0,0.6734592311941646,1.0,1.0,0.6734592311941646,3,1,3,1,0,15,15,15
0.4295560255946006,0.5704439744053994,18,0.0,0.0,1.0,2,2,3.0,2.0,1.711331923216198,1.0,1,1,1,0.0,0.5704439744053994,0.0,1.0,0.5704439744053994,1.0,1.0,0.0,3,3,2,4,0,7,4,0
0.0,0.5208342600258237,17,0.47916573997417633,0.0,0.5208342600258237,2,2,1.562502780077471,1.0416685200516473,2.0416685200516476,0.5208342600258237,1,1,1,0.0,1.0,0.0,0.5208342600258237,1.0,1.0,1.0,0.47916573997417633,3,3,2,4,0,7,5,0
0.03882797565065088,0.9611720243493491,17,0.0,0.9611720243493491,1.0,1,1,0.07765595130130176,2.038827975650651,0.11648392695195264,1.0,2,1,1,0.0,0.03882797565065088,0.03882797565065088,0.9611720243493491,1.0,0.03882797565065088,1.0,1.0,3,2,1,4,0,7,6,0
0.8445338486781514,0.1554661513218486,18,0.1554661513218486,0.0,1.0,2,3,3.1554661513218485,2.1554661513218485,0.1554661513218486,0.8445338486781514,1,2,1,0.0,0.1554661513218486,0.0,1.0,0.1554661513218486,1.0,1.0,0.0,4,3,2,4,0,7,5,0
0.7473201101373809,0.25267988986261913,18,0.0,0.0,1.0,2,2,3.0,2.0,0.7580396695878573,1.0,1,2,1,0.0,0.25267988986261913,0.0,1.0,0.25267988986261913,1.0,1.0,0.0,4,3,2,4,0,7,4,0
0.0,0.46030786761092024,16,0.5396921323890798,0.0,1.0,4,3,3.4603078676109202,3.0,1.6190763971672393,1.0,1,3,0,0.0,0.5396921323890798,0.5396921323890798,0.5396921323890798,1.0,1.0,1.0,0.46030786761092024,3,2,2,2,7,14,14,14
0.0,0.5867511656638482,17,0.5867511656638482,0.4132488343361518,1.0,3,3,2.4132488343361516,2.4132488343361516,0.0,1.0,1,3,0,0.0,0.4132488343361518,0.4132488343361518,1.0,1.0,1.0,1.0,0.0,3,3,2,3,3,9,11,11
0.0,1.0,15,1.0,0.0,1.0,3,4,3.034744692735862,3.034744692735862,0.965255307264138,0.0,1,1,0,0.965255307264138,0.034744692735862004,0.0,0.034744692735862004,1.0,1.0,1.0,0.0,5,4,4,5,0,13,13,12
0.6070342476866847,0.0,17,0.3929657523133153,0.0,1.0,3,3,2.0,3.214068495373369,2.3929657523133154,0.3929657523133153,2,2,0,0.0,1.0,1.0,0.0,0.3929657523133153,1.0,1.0,0.6070342476866847,2,2,2,3,11,13,12,11
0.0,0.7240008179774566,16,0.27599918202254337,0.0,1.0,1,2,0.0,0.8279975460676301,0.7240008179774566,1.0,1,2,0,0.0,0.7240008179774566,0.7240008179774566,0.7240008179774566,0.0,1.0,0.27599918202254337,0.7240008179774566,3,4,2,1,2,15,14,14
0.0,0.0,16,1.0,0.2962735057040824,1.0,2,2,2.0,1.4074529885918352,2.111179482887753,0.7037264942959176,1,2,0,0.2962735057040824,0.7037264942959176,0.7037264942959176,0.2962735057040824,1.0,1.0,1.0,0.0,1,2,2,2,14,11,12,11
0.0,1.0,15,1.0,0.0,1.0,2,2,2.1652669390630024,2.1652669390630024,0.8347330609369975,1.0,1,1,0,0.0,0.8347330609369975,0.8347330609369975,0.1652669390630025,1.0,1.0,1.0,0.0,4,2,2,5,1,12,12,11
0.0,0.9843635932588061,15,1.0,0.0,1.0,3,4,2.015636406741194,2.015636406741194,3.0,0.01563640674119393,1,1,0,0.0,0.01563640674119393,0.01563640674119393,0.01563640674119393,1.0,1.0,1.0,0.0,3,3,3,3,6,13,13,13
0.0,1.0,15,1.0,0.0,1.0,3,3,2.846802961412739,2.0,2.153197038587261,0.4234014807063696,1,1,0,0.0,0.4234014807063696,0.4234014807063696,0.0,1.0,1.0,0.5765985192936304,0.0,3,3,3,4,4,14,13,13
0.0,0.0,16,1.0,1.0,1.0,2,2,2.0,1.2102369636488606,0.6051184818244303,0.6051184818244303,2,2,1,0.3948815181755697,0.6051184818244303,0.0,1.0,0.3948815181755697,1.0,1.0,0.6051184818244303,3,3,3,3,20,8,10,10
0.0,1.0,18,0.2934881747180381,0.0,1.0,3,3,2.2934881747180382,2.7065118252819618,2.4130236505639235,0.2934881747180381,1,2,0,0.0,0.0,0.2934881747180381,1.0,1.0,1.0,0.2934881747180381,1.0,4,4,3,4,0,14,12,12
0.0,0.0,16,1.0,0.9859201772849155,1.0,2,1,0.04223946814525337,2.0,0.0,1.0,1,2,0,0.014079822715084456,1.0,0.014079822715084456,0.0,1.0,1.0,0.014079822715084456,0.0,4,3,3,2,4,7,7,6
0.0,1.0,17,0.0,0.8011575959111948,1.0,2,1,0.5965272122664155,2.0,0.5965272122664155,1.0,1,1,2,0.0,0.19884240408880516,0.0,1.0,1.0,0.19884240408880516,1.0,0.8011575959111948,3,3,2,4,0,7,5,0
0.0,0.0,16,1.0,0.28865804725135,1.0,2,2,1.4226839054973,2.0,0.71134195274865,0.28865804725135,1,2,0,0.0,1.0,0.71134195274865,0.0,1.0,1.0,0.0,0.0,4,3,2,4,4,6,9,8
0.20982445946879436,0.7901755405312056,17,0.0,0.0,1.0,1,1,2.7901755405312056,2.2098244594687944,3.0,1.0,1,1,1,0.0,1.0,0.20982445946879436,0.7901755405312056,1.0,1.0,1.0,0.20982445946879436,3,2,2,3,0,7,4,0
0.0,0.0,17,0.6059599747810114,1.0,1.0,4,3,2.3940400252189886,2.0,1.3940400252189886,1.6059599747810114,1,1,0,0.0,1.0,1.0,0.0,1.0,1.0,0.6059599747810114,0.6059599747810114,4,3,3,2,10,9,8,8
0.0,0.07369912148665103,16,1.0,0.926300878513349,1.0,4,3,4.0,3.073699121486651,0.0,0.926300878513349,2,2,0,0.0,1.0,0.0,1.0,1.0,1.0,1.0,0.0,5,4,3,1,2,15,15,15
0.0,0.34892297449805554,16,0.6510770255019445,0.6510770255019445,1.0,1,3,1.302154051003889,0.6510770255019445,0.34892297449805554,0.34892297449805554,1,2,0,0.0,1.0,1.0,1.0,0.6510770255019445,1.0,0.6510770255019445,1.0,3,3,2,3,2,13,13,13
0.0,0.0,17,0.08504032445621923,1.0,1.0,4,3,2.9149596755437805,2.0,1.9149596755437808,1.0850403244562192,1,1,0,0.0,1.0,1.0,0.0,1.0,1.0,0.08504032445621923,0.08504032445621923,4,2,1,2,11,8,9,9
0.8500385777897993,1.0,18,0.8500385777897993,0.8500385777897993,1.0,3,3,3.7000771555795984,3.0,2.149961422210201,0.8500385777897993,1,2,0,0.0,0.0,0.8500385777897993,0.1499614222102007,1.0,1.0,0.8500385777897993,1.0,4,2,2,5,0,13,12,12
0.0,0.0,16,1.0,0.0,0.4494506741382034,3,2,2.5505493258617964,2.5505493258617964,1.3483520224146102,1.0,1,2,0,0.0,1.0,1.0,0.0,1.0,1.0,1.0,0.5505493258617966,3,2,2,3,18,12,13,12
0.0,0.0,16,1.0,0.9045898835095887,0.9045898835095887,2,2,2.0954101164904113,2.0954101164904113,0.9045898835095887,1.0,1,2,0,0.0,1.0,0.09541011649041131,0.9045898835095887,0.09541011649041131,1.0,1.0,1.0,3,2,2,3,24,7,10,11
0.37081825219826636,0.0,17,0.0,0.0,1.0,1,1,2.0,2.3708182521982666,3.0,1.0,2,1,0,0.0,1.0,0.37081825219826636,0.0,1.0,0.37081825219826636,1.0,1.0,4,2,3,2,0,6,2,0
0.0,0.3854165025399161,16,1.0,1.0,1.0,1,1,1.1562495076197483,0.7708330050798322,0.0,1.0,1,1,0,0.0,0.0,0.0,0.0,1.0,1.0,0.6145834974600839,0.3854165025399161,3,4,4,2,1,14,13,12
0.0,0.9840337477797858,15,1.0,0.015966252220214194,1.0,2,2,2.015966252220214,3.0,0.0,0.015966252220214194,1,1,0,0.9840337477797858,1.0,1.0,0.9840337477797858,0.015966252220214194,1.0,1.0,0.9840337477797858,3,2,2,3,2,10,12,12
0.0,1.0,16,1.0,0.0,1.0,4,3,4.0,3.5382123487557022,2.5382123487557022,1.0,1,2,0,0.769106174377851,1.0,0.230893825622149,1.0,1.0,1.0,1.0,0.769106174377851,3,4,4,2,13,10,8,8
0.0,0.0,15,0.24102546602601171,0.0,1.0,2,3,2.7589745339739884,2.7589745339739884,3.0,1.7589745339739884,1,2,1,0.24102546602601171,1.0,1.0,1.0,1.0,1.0,0.7589745339739883,0.7589745339739883,4,2,1,3,7,9,10,10
0.0,0.6832635188254582,17,1.0,0.0,1.0,2,1,2.6832635188254583,2.6832635188254583,2.0497905564763745,1.0,1,2,0,0.0,0.0,0.6832635188254582,1.0,0.6832635188254582,1.0,1.0,0.0,4,2,4,2,7,15,14,14
0.0,0.3900033422173791,16,1.0,0.0,1.0,4,3,4.0,2.609996657782621,0.3900033422173791,1.0,1,2,0,0.0,1.0,1.0,1.0,1.0,1.0,1.0,0.0,4,3,3,4,6,9,9,9
0.0,0.8331949117361643,16,1.0,1.0,1.0,1,1,2.499584735208493,1.6663898234723287,0.0,1.0,1,1,0,0.0,0.0,0.0,0.0,1.0,1.0,0.16680508826383567,0.8331949117361643,3,4,4,4,0,14,12,12
0.0,0.0,17,1.0,1.0,1.0,2,2,1.6532706929844558,2.0,3.0,1.1733646535077722,1,2,0,0.17336465350777208,1.0,0.0,1.0,0.8266353464922279,1.0,1.0,0.8266353464922279,4,3,3,1,49,9,9,8
0.0,0.6089393924267592,17,1.0,0.3910606075732408,1.0,2,1,2.608939392426759,2.608939392426759,3.0,1.0,1,2,0,0.0,0.0,1.0,0.6089393924267592,1.0,1.0,1.0,0.0,4,2,4,1,4,14,14,14
0.0,0.18223608778806233,18,1.0,0.0,1.0,3,3,2.3644721755761244,3.182236087788062,1.3644721755761247,1.8177639122119378,1,2,1,0.18223608778806233,1.0,0.8177639122119377,1.0,1.0,1.0,1.0,0.18223608778806233,4,3,5,4,14,9,9,9
0.0,0.0,18,1.0,0.0,1.0,2,2,2.0,3.0,2.7553614103176525,0.24463858968234753,1,3,0,0.0,0.7553614103176525,0.7553614103176525,0.7553614103176525,1.0,1.0,1.0,1.0,4,4,4,1,4,14,13,14
0.0,0.4251558744912447,16,0.4251558744912447,0.5748441255087553,1.0,2,1,2.425155874491245,2.425155874491245,3.0,0.4251558744912447,1,3,0,0.0,0.5748441255087553,0.4251558744912447,0.4251558744912447,0.4251558744912447,1.0,1.0,0.0,4,3,2,2,9,15,15,15
0.0,0.7920583371318112,15,1.0,1.0,1.0,2,2,3.0,3.0,0.7920583371318112,1.0,2,2,0,0.0,0.20794166286818883,1.0,0.7920583371318112,1.0,1.0,1.0,0.0,4,3,3,4,3,14,14,14
0.0,0.43229967218000853,18,1.0,0.0,1.0,4,3,4.0,2.0,0.0,1.0,1,2,0,0.0,1.0,1.0,0.0,1.0,1.0,1.0,0.43229967218000853,4,4,4,5,1,10,10,10
0.0,0.03131329245555858,18,1.0,0.03131329245555858,1.0,2,1,3.0,3.0,1.0626265849111172,1.9373734150888828,1,2,0,0.0,0.03131329245555858,1.0,0.9686867075444414,0.9686867075444414,1.0,1.0,0.9686867075444414,4,3,3,3,3,11,11,11
1.0,1.0,18,0.0,0.0,1.0,1,1,2.0,2.0,1.684569549189997,1.1577152254050014,1,1,0,0.0,0.0,0.0,0.8422847745949985,0.0,1.0,0.8422847745949985,0.8422847745949985,4,4,3,4,4,7,6,7
0.0,0.44975413336976566,16,1.0,0.0,1.0,2,3,1.1004917332604687,2.0,3.0,1.4497541333697657,1,2,0,1.0,1.0,0.5502458666302343,0.5502458666302343,0.5502458666302343,1.0,0.44975413336976566,0.0,4,3,3,3,6,7,10,10
0.0,0.0,17,0.6048497639981856,0.0,0.6048497639981856,3,3,3.209699527996371,2.6048497639981854,0.3951502360018144,1.0,1,2,0,0.0,1.0,1.0,0.6048497639981856,1.0,1.0,1.0,0.0,4,3,3,3,5,9,9,9
0.9266588657937942,0.9266588657937942,18,0.0733411342062058,0.0,1.0,1,1,2.0,2.926658865793794,1.9266588657937942,1.0,1,1,0,0.0,0.0733411342062058,0.0733411342062058,0.0,1.0,1.0,0.0733411342062058,0.0733411342062058,4,3,2,4,0,6,5,0
0.0,0.7272719958564209,15,1.0,0.7272719958564209,1.0,2,2,3.0,2.727271995856421,1.5454560082871582,1.0,1,1,0,0.0,0.0,1.0,1.0,1.0,1.0,1.0,0.0,4,3,3,3,4,15,15,15
0.0,0.0,15,1.0,0.0,1.0,3,3,2.6734592311941645,2.6734592311941645,3.0,0.3265407688058354,1,2,1,0.3265407688058354,0.3265407688058354,1.0,0.3265407688058354,1.0,1.0,0.6734592311941646,0.6734592311941646,4,4,3,4,6,7,9,8
0.0,1.0,16,1.0,0.0,1.0,3,2,0.0,2.0,3.0,1.5704439744053995,2,2,0,0.5704439744053994,0.5704439744053994,0.0,0.4295560255946006,0.4295560255946006,1.0,1.0,0.4295560255946006,5,3,3,2,7,8,9,10
0.0,0.47916573997417633,15,1.0,0.0,1.0,2,3,2.9583314799483524,2.0,2.0416685200516476,1.0,1,2,0,0.5208342600258237,1.0,1.0,1.0,1.0,1.0,0.47916573997417633,0.0,4,3,3,4,6,8,9,10
0.03882797565065088,0.0,15,0.0,0.9611720243493491,1.0,2,2,0.9611720243493491,2.961172024349349,2.961172024349349,1.0,2,2,0,0.9611720243493491,0.9611720243493491,1.0,0.0,1.0,1.0,0.9611720243493491,0.0,4,1,3,4,2,8,9,8
1.0,1.0,17,0.8445338486781514,0.0,1.0,3,3,1.3109323026436972,2.0,0.1554661513218486,1.0,2,2,0,0.0,1.0,1.0,0.1554661513218486,0.8445338486781514,1.0,1.0,0.1554661513218486,4,5,4,2,2,13,12,12
1.0,0.7473201101373809,17,0.7473201101373809,0.7473201101373809,1.0,1,2,0.5053597797252383,2.7473201101373808,0.0,1.0,1,1,0,0.0,0.0,0.0,0.25267988986261913,1.0,0.25267988986261913,1.0,0.7473201101373809,3,3,3,2,8,7,6,7
0.5396921323890798,0.5396921323890798,17,0.46030786761092024,0.46030786761092024,1.0,3,2,3.0,2.0,0.5396921323890798,1.0,2,2,0,0.46030786761092024,1.0,1.0,0.5396921323890798,0.46030786761092024,1.0,1.0,1.0,4,4,4,3,4,12,11,11
0.0,0.4132488343361518,16,1.0,0.4132488343361518,1.0,4,3,1.0,2.4132488343361516,1.7602534969915447,0.5867511656638482,1,2,0,0.0,1.0,1.0,1.0,1.0,1.0,1.0,0.5867511656638482,4,3,3,4,0,13,14,14
0.0,0.0,17,1.0,0.0,1.0,3,2,2.0,2.965255307264138,1.930510614528276,1.0,1,2,0,0.0,0.0,0.0,0.034744692735862004,0.965255307264138,1.0,1.0,0.965255307264138,5,3,3,1,7,13,13,14
0.0,0.3929657523133153,15,1.0,0.6070342476866847,1.0,2,2,2.6070342476866846,3.0,0.0,0.6070342476866847,2,1,0,0.3929657523133153,1.0,1.0,0.3929657523133153,0.6070342476866847,1.0,1.0,0.3929657523133153,3,2,2,3,2,11,12,12
0.0,0.0,17,1.0,0.0,1.0,3,2,2.2759991820225434,2.0,0.0,1.0,1,2,0,0.0,0.0,0.0,0.7240008179774566,0.27599918202254337,1.0,1.0,0.0,4,3,4,3,11,16,15,15
0.0,0.7037264942959176,17,1.0,0.0,1.0,3,2,1.2962735057040824,2.0,3.0,0.2962735057040824,1,2,0,0.2962735057040824,1.0,1.0,1.0,1.0,1.0,0.7037264942959176,0.7037264942959176,4,4,4,4,8,9,9,10
0.0,0.0,16,0.1652669390630025,0.0,1.0,3,3,1.1652669390630024,3.6694661218739952,2.1652669390630024,1.0,1,2,0,0.1652669390630025,1.0,0.1652669390630025,1.0,1.0,1.0,0.0,0.0,2,4,3,4,6,9,10,10
0.0,0.0,16,0.01563640674119393,0.0,1.0,4,4,1.046909220223582,3.984363593258806,1.9687271865176121,1.0,1,2,0,0.0,1.0,0.01563640674119393,1.0,1.0,1.0,0.01563640674119393,0.0,2,4,4,4,6,10,10,10
0.0,1.0,16,1.0,0.4234014807063696,1.0,3,3,1.0,2.4234014807063695,0.5765985192936304,0.5765985192936304,1,1,0,0.0,1.0,1.0,0.4234014807063696,1.0,1.0,1.0,0.0,4,3,3,5,3,14,12,12
0.0,0.0,16,1.0,0.0,1.0,3,2,2.0,2.39488151817557,3.0,0.6051184818244303,1,3,0,0.0,1.0,0.3948815181755697,1.0,1.0,1.0,1.0,0.3948815181755697,4,3,3,1,4,13,14,14
0.0,0.7065118252819619,18,1.0,0.0,1.0,4,3,4.0,2.0,0.0,1.0,1,2,0,0.0,1.0,1.0,0.0,1.0,1.0,1.0,0.7065118252819619,4,4,4,5,0,10,10,9
1.0,1.0,20,0.0,0.0,1.0,1,1,2.0,2.0140798227150842,0.014079822715084456,2.0,1,1,3,0.0,0.0,0.0,0.0,0.014079822715084456,1.0,0.014079822715084456,0.0,5,4,3,2,3,9,7,7
0.0,0.8011575959111948,17,1.0,0.0,1.0,4,3,3.801157595911195,2.198842404088805,0.0,1.0,1,2,0,0.19884240408880516,1.0,1.0,0.0,1.0,1.0,1.0,0.8011575959111948,4,3,4,5,0,9,10,9
0.0,0.28865804725135,16,1.0,0.0,1.0,4,3,4.0,2.7113419527486498,0.28865804725135,1.0,1,2,0,0.0,1.0,1.0,1.0,1.0,1.0,1.0,0.0,4,3,3,4,6,9,9,9
0.7901755405312056,0.7901755405312056,17,1.0,0.7901755405312056,0.7901755405312056,1,3,0.20982445946879436,2.7901755405312056,0.6294733784063831,1.0,1,1,0,0.0,0.20982445946879436,0.0,0.0,0.7901755405312056,0.20982445946879436,1.0,1.0,3,3,3,3,6,8,7,8
0.0,1.0,15,1.0,1.0,1.0,2,2,2.2119199495620228,3.0,0.6059599747810114,0.6059599747810114,1,1,0,0.0,0.3940400252189886,1.0,1.0,1.0,1.0,1.0,0.0,4,3,3,4,3,14,14,14
0.0,0.07369912148665103,15,1.0,0.0,1.0,3,3,2.926300878513349,3.0,0.0,0.926300878513349,1,1,0,1.0,1.0,1.0,0.07369912148665103,0.926300878513349,1.0,1.0,0.07369912148665103,3,2,3,4,0,8,10,11
0.0,0.0,17,1.0,0.6510770255019445,1.0,2,2,2.6510770255019445,2.3489229744980555,0.6978459489961111,1.0,1,2,0,0.6510770255019445,0.6510770255019445,0.6510770255019445,0.0,1.0,1.0,1.0,1.0,4,4,3,3,6,12,12,12
0.0,0.0,16,1.0,0.9149596755437808,1.0,3,2,2.0,2.0,3.0,1.0,1,2,0,0.0,0.08504032445621923,0.9149596755437808,0.08504032445621923,1.0,1.0,1.0,0.0,4,3,3,1,2,13,14,14
0.0,1.0,17,1.0,0.1499614222102007,1.0,2,3,1.2999228444204014,2.149961422210201,1.2999228444204014,0.8500385777897993,1,1,0,0.0,1.0,1.0,0.0,0.8500385777897993,1.0,1.0,0.0,4,3,3,4,3,13,11,11
0.0,0.5505493258617966,17,1.0,0.4494506741382034,1.0,2,2,1.8989013482764068,2.0,0.5505493258617966,1.0,1,1,0,0.4494506741382034,1.0,1.0,0.0,1.0,1.0,1.0,0.4494506741382034,4,4,3,5,4,13,12,11
0.0,0.2587799816000169,16,1.0,0.0,1.0,3,3,2.517559963200034,3.0,1.0,1.0,1,1,0,0.7412200183999831,0.7412200183999831,1.0,1.0,1.0,1.0,1.0,0.0,3,2,3,4,45,10,11,10
0.0,1.0,16,0.662522284353982,0.0,1.0,3,2,2.662522284353982,2.0,0.0,1.0,2,1,1,0.33747771564601803,0.33747771564601803,0.0,0.0,1.0,0.33747771564601803,1.0,0.33747771564601803,4,4,4,4,2,5,8,7
0.0,0.688288923910589,17,1.0,0.0,1.0,4,3,3.376577847821178,2.688288923910589,1.623422152178822,1.0,1,1,0,0.0,0.0,1.0,0.688288923910589,1.0,1.0,1.0,0.31171107608941095,3,2,4,2,22,8,8,7
0.4799319788221892,1.0,17,0.5200680211778108,0.5200680211778108,1.0,2,3,2.0802720847112433,2.0,0.0,1.0,2,2,0,0.0,0.4799319788221892,1.0,0.5200680211778108,1.0,1.0,0.5200680211778108,0.0,3,3,4,3,4,10,9,9
0.0,0.5467102793432796,16,1.0,0.5467102793432796,0.0,3,2,3.5467102793432796,2.5467102793432796,0.5467102793432796,0.5467102793432796,1,1,0,0.0,0.0,0.0,0.0,1.0,1.0,1.0,0.0,3,3,2,3,17,11,9,10
0.0,1.0,17,1.0,0.815145544474473,0.18485445552552704,4,1,3.184854455525527,2.184854455525527,1.0,1.0,2,1,0,0.0,0.0,1.0,1.0,1.0,1.0,1.0,0.815145544474473,3,4,4,4,28,8,8,8
0.0,0.9695846277645586,17,1.0,0.9695846277645586,0.03041537223544144,3,2,3.8783385110582342,3.0,1.0,1.0,1,1,1,0.0,0.03041537223544144,0.03041537223544144,0.0,1.0,1.0,1.0,0.03041537223544144,4,4,3,3,19,10,9,9
0.0,1.0,17,1.0,0.22486717663888545,0.7751328233611146,3,3,4.0,3.0,1.0,1.0,1,1,0,0.0,0.0,0.7751328233611146,0.7751328233611146,1.0,1.0,1.0,0.0,3,2,4,3,21,9,9,9
0.0,0.9394989415641891,17,1.0,0.0,1.0,3,3,3.8789978831283785,3.0,1.0,1.0,1,1,0,0.060501058435810884,0.060501058435810884,1.0,1.0,1.0,1.0,1.0,0.0,3,2,3,3,23,9,9,9
0.0,1.0,17,1.0,0.10517264957235117,1.0,4,2,3.6844820512829464,2.0,0.8948273504276488,1.0,1,2,0,0.0,0.8948273504276488,0.8948273504276488,1.0,1.0,1.0,1.0,1.0,3,3,2,5,11,12,11,11
0.0,1.0,17,1.0,1.0,0.0,3,1,3.597899978811085,2.597899978811085,1.0,1.0,1,1,0,0.0,0.0,0.40210002118891486,0.40210002118891486,1.0,1.0,1.0,0.40210002118891486,4,4,4,3,23,9,8,9
0.0,0.9218742350231168,15,1.0,1.0,0.0,3,2,1.0781257649768832,1.0781257649768832,2.0,0.07812576497688317,1,1,0,0.0,0.0,0.07812576497688317,0.0,1.0,1.0,0.07812576497688317,0.0,5,4,4,4,6,10,11,10
0.0884925020519195,1.0,18,0.0884925020519195,0.9115074979480805,0.0884925020519195,3,4,2.176985004103839,2.176985004103839,2.823014995896161,0.9115074979480805,1,2,0,0.0,0.9115074979480805,1.0,1.0,0.9115074979480805,1.0,1.0,0.0,3,2,4,1,12,16,16,16
0.0,1.0,16,0.8040171375808548,0.0,1.0,3,4,1.6080342751617096,2.0,0.0,0.1959828624191452,3,1,1,0.0,0.8040171375808548,0.0,0.8040171375808548,0.1959828624191452,1.0,0.8040171375808548,0.0,3,4,5,2,0,6,4,0
0.0,1.0,17,0.045227288910538066,0.0,1.0,3,3,0.1356818667316142,2.0,0.0,1.0,2,1,0,0.0,0.0,0.0,0.0,1.0,0.9547727110894619,0.045227288910538066,0.0,4,4,5,5,0,9,0,0
0.0,0.0,16,1.0,0.0,1.0,3,3,2.0,2.6746696692367355,1.6506606615265287,1.0,1,2,0,0.6746696692367357,0.6746696692367357,1.0,0.6746696692367357,1.0,1.0,1.0,0.32533033076326434,3,3,3,3,43,9,10,8
0.0,1.0,16,1.0,0.611322710310518,1.0,1,2,2.0,2.0,0.0,0.611322710310518,2,1,1,0.0,0.388677289689482,0.0,1.0,0.611322710310518,1.0,0.388677289689482,0.0,3,4,4,3,0,6,1,0
0.0,1.0,15,1.0,0.7286509682261041,1.0,4,3,4.0,2.0,1.0,1.7286509682261042,1,1,0,0.0,1.0,0.2713490317738959,0.2713490317738959,0.2713490317738959,1.0,1.0,1.0,4,3,2,5,8,12,11,11
0.0,0.17126249084807066,15,1.0,0.0,1.0,2,2,2.6574750183038587,2.1712624908480707,2.8287375091519293,1.0,1,1,0,0.0,0.0,1.0,0.8287375091519293,0.17126249084807066,1.0,1.0,0.0,2,3,4,4,2,13,13,11
0.0,0.6432466733064107,17,1.0,0.0,1.0,1,3,0.0,2.6432466733064106,0.3567533266935893,0.0,1,1,0,0.0,0.3567533266935893,0.3567533266935893,0.0,1.0,0.3567533266935893,0.6432466733064107,0.0,4,3,3,2,2,8,8,9
0.0,0.28093450968738076,16,1.0,0.0,1.0,3,2,3.7190654903126195,1.2809345096873808,1.2809345096873808,1.0,1,2,0,0.7190654903126192,0.7190654903126192,1.0,1.0,1.0,1.0,1.0,0.28093450968738076,3,4,4,4,2,9,9,9
0.5426960831582485,1.0,18,0.5426960831582485,0.45730391684175153,0.5426960831582485,3,4,3.085392166316497,3.085392166316497,1.914607833683503,0.45730391684175153,1,2,0,0.0,0.45730391684175153,1.0,1.0,0.45730391684175153,1.0,1.0,0.0,3,2,4,1,8,15,15,15
0.0,0.14092422497476265,15,1.0,1.0,1.0,4,3,3.1409242249747624,2.8590757750252376,2.577227325075712,0.14092422497476265,1,2,0,0.8590757750252374,0.0,0.14092422497476265,1.0,1.0,1.0,1.0,0.8590757750252374,4,4,4,2,0,10,9,9
0.0,0.8021969807540397,16,1.0,0.0,1.0,0,2,2.1978030192459603,2.0,2.1978030192459603,1.0,1,1,0,0.0,0.0,1.0,0.19780301924596033,0.0,1.0,1.0,0.0,3,3,2,5,0,13,14,14
0.0,0.9254493563202292,16,0.07455064367977082,0.0,1.0,3,1,3.7017974252809167,2.9254493563202293,1.9254493563202293,1.0,1,1,0,0.0,1.0,0.07455064367977082,0.9254493563202292,1.0,1.0,0.9254493563202292,0.9254493563202292,4,3,2,3,9,9,8,9
0.0,1.0,15,1.0,0.013113063399482705,0.9868869366005173,3,2,1.9868869366005173,2.9737738732010346,0.02622612679896541,0.0,1,1,1,0.0,0.9868869366005173,0.9868869366005173,0.0,1.0,1.0,0.9868869366005173,0.9868869366005173,4,5,5,5,4,10,11,11
0.0,0.7722447692966574,17,0.22775523070334258,0.0,1.0,1,3,1.5444895385933148,2.227755230703343,0.22775523070334258,0.22775523070334258,2,2,1,0.0,1.0,0.22775523070334258,0.7722447692966574,1.0,1.0,1.0,0.22775523070334258,4,2,3,5,21,9,7,8
0.0,1.0,17,1.0,0.8012843184658276,0.1987156815341724,3,2,4.0,3.0,1.0,1.0,1,1,0,0.0,0.0,0.1987156815341724,0.1987156815341724,1.0,1.0,1.0,0.0,3,3,4,3,19,10,9,9
0.0,0.005522117123602399,17,1.0,0.0,1.0,4,3,2.011044234247205,2.0055221171236024,2.988955765752795,1.0,1,1,1,0.0,0.0,1.0,0.005522117123602399,1.0,1.0,1.0,0.9944778828763976,3,3,4,1,22,6,6,4
0.0,0.8154614284548342,15,1.0,0.18453857154516584,0.8154614284548342,3,3,1.1845385715451657,2.0,2.8154614284548343,0.18453857154516584,1,1,0,0.0,0.8154614284548342,1.0,0.8154614284548342,1.0,1.0,1.0,0.0,4,2,4,1,2,13,13,13
0.0,1.0,16,1.0,0.7068573438476171,0.2931426561523829,3,2,3.120572031542851,2.7068573438476173,0.7068573438476171,1.0,1,1,0,0.0,0.2931426561523829,0.0,0.2931426561523829,1.0,1.0,1.0,0.0,3,4,4,3,18,11,9,10
0.0,1.0,17,0.2709928319590127,0.2709928319590127,0.7290071680409873,1,2,2.5419856639180254,2.2709928319590125,0.2709928319590127,0.2709928319590127,2,1,1,0.0,0.7290071680409873,0.0,0.7290071680409873,1.0,1.0,1.0,0.0,4,2,4,4,19,9,7,8
0.0,1.0,16,0.7712703466859457,0.22872965331405426,0.7712703466859457,3,4,1.2287296533140544,2.0,0.6861889599421627,1.0,1,1,0,0.0,1.0,0.22872965331405426,1.0,1.0,1.0,1.0,0.0,3,3,4,4,16,14,12,13
0.0,0.9259553482659096,17,1.0,0.0,0.9259553482659096,3,2,3.9259553482659095,2.0,0.9259553482659096,0.9259553482659096,1,1,0,0.0,0.9259553482659096,0.9259553482659096,0.9259553482659096,1.0,1.0,1.0,0.9259553482659096,3,2,1,5,11,12,11,11
0.0,1.0,16,1.0,0.0,1.0,4,3,2.0753971856328177,2.0,0.3584657285442726,1.0,1,1,0,0.0,1.0,0.3584657285442726,1.0,1.0,1.0,1.0,0.3584657285442726,3,3,3,5,15,13,11,12
0.8841309404748703,1.0,17,1.0,0.0,1.0,3,3,3.7682618809497406,3.8841309404748703,0.8841309404748703,0.0,1,2,0,0.0,0.11586905952512971,1.0,0.8841309404748703,0.11586905952512971,1.0,1.0,0.11586905952512971,3,2,4,2,4,14,13,13
0.0,0.8631034258755935,17,0.13689657412440648,0.0,1.0,1,3,1.726206851751187,2.1368965741244064,0.13689657412440648,0.13689657412440648,2,2,1,0.0,1.0,0.13689657412440648,0.8631034258755935,1.0,1.0,1.0,0.13689657412440648,4,2,3,5,21,9,7,8
0.0,1.0,17,1.0,1.0,1.0,3,2,3.246596253655116,2.0,0.0,1.0,1,2,0,0.0,0.3767018731724421,0.6232981268275579,1.0,1.0,1.0,1.0,0.0,4,4,4,4,3,9,8,8
0.6691019751473508,1.0,17,0.3308980248526492,0.3308980248526492,1.0,1,3,1.3235920994105967,2.0,0.0,1.0,2,2,0,0.0,0.6691019751473508,1.0,0.3308980248526492,1.0,1.0,0.3308980248526492,0.0,3,3,4,3,4,10,9,9
0.0,0.0,17,1.0,0.0,1.0,3,3,0.12711670057204727,2.9364416497139763,1.1271167005720473,1.0,1,2,1,0.0,0.9364416497139764,1.0,0.0,1.0,1.0,1.0,1.0,3,4,3,4,27,9,8,8
0.0,0.0,17,1.0,0.0,1.0,3,3,0.6219646434313244,2.689017678284338,1.6219646434313244,1.0,1,2,1,0.0,0.6890176782843378,1.0,0.0,1.0,1.0,1.0,1.0,3,4,3,3,26,8,8,7
0.674816677973253,0.32518332202674705,17,0.32518332202674705,0.674816677973253,0.32518332202674705,1,3,0.0,2.325183322026747,0.0,0.674816677973253,2,1,0,0.0,0.0,0.0,0.0,1.0,0.674816677973253,0.32518332202674705,0.674816677973253,4,3,3,4,0,12,12,12
0.0,0.0,17,1.0,0.0,1.0,3,3,1.4592123566761281,2.270393821661936,2.459212356676128,1.0,1,2,1,0.0,0.27039382166193593,1.0,0.0,1.0,1.0,1.0,1.0,3,4,4,2,23,7,6,5
0.6375574713552131,1.0,17,0.3624425286447869,0.0,1.0,1,3,0.0,2.3624425286447868,0.0,0.6375574713552131,1,1,0,0.0,0.6375574713552131,0.6375574713552131,0.0,1.0,0.6375574713552131,0.3624425286447869,0.0,3,3,3,2,3,10,10,10
0.0,0.8872127425763265,16,1.0,0.8872127425763265,0.8872127425763265,3,3,1.225574514847347,2.0,0.0,0.8872127425763265,1,1,0,0.0,0.0,0.0,0.8872127425763265,1.0,1.0,1.0,0.8872127425763265,2,4,4,5,14,12,11,11
0.0,1.0,17,0.5277850748380507,0.0,1.0,1,2,0.9444298503238986,2.5277850748380506,0.0,0.4722149251619493,1,1,0,0.0,0.0,0.0,0.0,0.5277850748380507,0.4722149251619493,1.0,0.0,4,3,2,3,1,9,10,10
0.0,1.0,16,1.0,0.8804057540616983,1.0,2,2,1.8804057540616983,2.0,3.0,0.8804057540616983,1,2,0,0.0,1.0,0.1195942459383017,1.0,1.0,1.0,1.0,0.0,4,3,4,4,0,13,13,12
0.0,1.0,17,1.0,0.286755212777005,1.0,4,2,4.0,2.0,1.0,1.286755212777005,1,1,0,0.0,1.0,0.713244787222995,0.713244787222995,0.713244787222995,1.0,1.0,1.0,4,3,2,5,10,12,11,11
0.7607850486168974,1.0,17,0.23921495138310256,0.0,1.0,1,3,0.0,2.2392149513831026,0.0,0.7607850486168974,1,1,0,0.0,0.7607850486168974,0.7607850486168974,0.0,1.0,0.7607850486168974,0.23921495138310256,0.0,3,3,3,2,3,10,10,10
0.0,1.0,15,0.43872280243050377,0.43872280243050377,1.0,4,2,4.0,2.5612771975694963,1.5612771975694963,1.4387228024305037,1,1,0,0.0,1.0,0.0,0.5612771975694962,0.5612771975694962,1.0,1.0,1.0,4,3,3,3,9,10,9,10
0.0,1.0,17,1.0,0.229032820045439,0.770967179954561,3,3,4.0,3.0,1.0,1.0,1,1,0,0.0,0.0,0.770967179954561,0.770967179954561,1.0,1.0,1.0,0.0,3,2,4,3,21,9,9,9
0.0,0.5062044036356093,17,1.0,0.5062044036356093,0.49379559636439074,4,1,2.5062044036356093,2.0,1.9875911927287815,1.0,1,1,0,0.0,0.0,1.0,0.5062044036356093,1.0,1.0,1.0,1.0,3,4,4,3,26,7,7,6
0.47726717061800594,1.0,16,1.0,0.0,1.0,4,2,2.431801511854018,3.477267170618006,1.5227328293819942,0.5227328293819941,1,1,0,0.0,0.0,1.0,0.47726717061800594,0.5227328293819941,1.0,1.0,0.0,2,2,4,1,4,15,15,14
0.0,1.0,17,0.42754101835854963,0.0,1.0,1,2,2.4275410183585495,2.0,0.42754101835854963,0.42754101835854963,2,2,1,0.0,1.0,0.42754101835854963,1.0,1.0,1.0,1.0,0.0,4,2,4,5,17,7,7,8
0.0,1.0,15,1.0,1.0,0.9745808732559048,4,3,3.9237426197677143,1.974580873255905,1.025419126744095,1.9491617465118096,1,1,0,0.0,0.9745808732559048,0.0,0.0,0.02541912674409519,1.0,0.9745808732559048,0.9745808732559048,5,4,3,5,7,11,11,11
0.0,1.0,17,0.10789142699330445,0.8921085730066955,0.10789142699330445,3,4,1.8921085730066955,2.0,2.6763257190200864,1.0,1,1,0,0.0,1.0,0.8921085730066955,1.0,1.0,1.0,1.0,0.0,3,2,4,1,13,16,16,16
0.0,1.0,16,1.0,0.0,1.0,4,4,1.0942875570602029,2.031429185686734,0.03142918568673425,1.0,1,1,0,0.0,0.9685708143132657,0.03142918568673425,1.0,1.0,1.0,1.0,0.0,3,3,4,4,18,13,10,12
0.3635895887362196,0.3635895887362196,17,0.6364104112637804,0.0,1.0,1,3,0.0,2.0,0.6364104112637804,0.3635895887362196,2,1,0,0.0,1.0,1.0,0.0,1.0,1.0,0.0,0.0,3,3,3,3,3,8,8,8
0.0,1.0,17,1.0,1.0,1.0,3,2,3.3712880378473464,2.0,0.0,1.0,1,2,0,0.0,0.3143559810763267,0.6856440189236733,1.0,1.0,1.0,1.0,0.0,4,4,4,4,3,9,8,8
0.0,1.0,18,0.5085706911647028,0.49142930883529723,0.5085706911647028,3,2,3.0171413823294055,2.0,1.9828586176705945,1.0,1,2,0,0.0,1.0,1.0,1.0,1.0,1.0,1.0,0.5085706911647028,4,2,3,3,11,14,13,13
0.0,0.09243352607390698,17,1.0,0.0,1.0,1,3,0.0,2.092433526073907,0.907566473926093,0.0,1,1,0,0.0,0.907566473926093,0.907566473926093,0.0,1.0,0.907566473926093,0.09243352607390698,0.0,3,3,3,2,2,7,7,8
0.0,0.7507077708511251,16,0.24929222914887494,0.0,1.0,3,1,3.0028310834045002,2.750707770851125,1.750707770851125,1.0,1,1,0,0.0,1.0,0.24929222914887494,0.7507077708511251,1.0,1.0,0.7507077708511251,0.7507077708511251,4,3,2,3,9,9,8,9
0.0,0.5896170769643703,16,1.0,0.0,1.0,3,3,1.8207658460712595,2.0,3.0,0.41038292303562973,1,2,0,0.0,0.5896170769643703,1.0,1.0,0.5896170769643703,1.0,1.0,0.0,3,2,4,2,2,13,13,12
0.0,1.0,17,0.24444886145695133,0.0,1.0,1,3,2.4888977229139027,2.2444488614569513,0.24444886145695133,0.24444886145695133,2,1,0,0.0,0.7555511385430487,0.24444886145695133,1.0,1.0,1.0,1.0,0.0,4,2,4,4,20,9,7,8
0.0,1.0,16,1.0,0.0,1.0,2,2,2.0,2.7712018345083775,0.0,0.0,1,2,0,0.0,0.7712018345083775,0.7712018345083775,0.0,1.0,0.7712018345083775,1.0,0.7712018345083775,4,4,5,4,4,10,11,11
0.0,0.07697990982879299,17,0.923020090171207,0.0,1.0,2,3,0.15395981965758598,2.923020090171207,0.923020090171207,0.923020090171207,1,2,1,0.0,1.0,0.923020090171207,0.07697990982879299,1.0,1.0,1.0,0.923020090171207,4,3,3,5,27,9,8,8
0.0,1.0,16,1.0,0.0,1.0,1,2,1.420497094172464,2.289751452913768,0.0,0.0,1,1,0,0.0,0.0,0.0,0.0,1.0,0.0,1.0,0.0,4,3,4,3,3,10,10,10
0.8387787127459956,0.16122128725400442,17,0.16122128725400442,0.8387787127459956,0.16122128725400442,0,3,0.32244257450800884,2.0,0.32244257450800884,1.0,2,1,0,0.0,0.0,0.16122128725400442,0.0,0.8387787127459956,1.0,0.16122128725400442,0.8387787127459956,4,3,3,5,0,13,13,13
0.0,1.0,17,1.0,0.07030234765742693,1.0,3,1,3.070302347657427,2.0,1.8593953046851461,1.0,1,2,0,0.0,0.0,1.0,1.0,1.0,1.0,1.0,0.9296976523425731,4,4,4,4,2,9,9,9
0.19187962043558304,0.808120379564417,17,0.808120379564417,0.19187962043558304,0.808120379564417,1,3,0.0,2.808120379564417,0.0,0.19187962043558304,1,1,0,0.0,0.0,0.0,0.0,1.0,0.19187962043558304,0.808120379564417,0.19187962043558304,4,3,3,2,1,10,10,10
0.0,0.6334037565104235,17,1.0,0.6334037565104235,1.0,2,2,1.266807513020847,2.0,0.36659624348957653,0.6334037565104235,1,2,0,0.0,1.0,0.36659624348957653,0.6334037565104235,1.0,1.0,0.6334037565104235,0.0,3,4,4,4,2,8,7,8
0.0,1.0,17,1.0,0.1285394098122823,1.0,2,1,2.8714605901877177,2.0,1.7429211803754354,1.0,1,2,0,0.0,0.1285394098122823,0.8714605901877177,1.0,1.0,1.0,1.0,0.8714605901877177,4,4,4,5,2,9,8,9
0.8036720768991145,1.0,17,1.0,0.0,1.0,4,4,3.4110162306973435,3.6073441537982287,1.392655846201771,0.0,1,2,0,0.0,0.19632792310088554,1.0,1.0,0.19632792310088554,1.0,1.0,0.0,3,2,4,1,3,14,13,13
0.0,0.9686867075444414,17,0.0,0.0,1.0,1,2,0.0,2.0313132924555584,0.9686867075444414,0.9686867075444414,1,2,0,0.0,0.03131329245555858,0.03131329245555858,0.03131329245555858,0.9686867075444414,1.0,0.03131329245555858,0.0,3,1,3,3,3,8,9,10
0.0,0.1577152254050015,16,0.8422847745949985,0.1577152254050015,1.0,1,1,3.1577152254050014,2.8422847745949986,0.1577152254050015,0.0,3,1,0,0.8422847745949985,1.0,0.1577152254050015,1.0,0.1577152254050015,1.0,1.0,0.8422847745949985,4,4,4,4,6,9,8,10
0.0,0.44975413336976566,15,1.0,0.0,0.5502458666302343,4,3,1.4497541333697657,2.4497541333697654,1.8995082667395313,1.0,1,2,0,0.0,1.0,0.0,1.0,0.5502458666302343,1.0,1.0,0.44975413336976566,2,3,4,2,2,14,14,14
0.0,1.0,17,0.6048497639981856,0.0,1.0,1,2,1.2096995279963711,2.6048497639981854,2.209699527996371,0.3951502360018144,1,2,0,0.0,0.0,0.0,0.0,1.0,0.3951502360018144,0.6048497639981856,0.0,4,3,3,2,1,7,7,3
0.0,1.0,17,0.0733411342062058,0.9266588657937942,1.0,1,1,2.073341134206206,3.0,0.1466822684124116,1.0,3,1,2,0.0,0.0,0.0,0.9266588657937942,0.9266588657937942,0.0,0.0733411342062058,0.9266588657937942,4,2,5,5,0,5,8,7
0.0,1.0,17,1.0,0.7272719958564209,1.0,2,2,2.0,2.272728004143579,1.5454560082871582,0.2727280041435791,1,1,0,0.0,0.0,0.7272719958564209,1.0,0.0,1.0,1.0,0.7272719958564209,4,3,2,4,3,14,13,13
0.0,0.3265407688058354,17,0.0,0.0,1.0,2,3,0.0,2.6734592311941645,0.3265407688058354,0.3265407688058354,1,2,0,0.0,0.6734592311941646,0.6734592311941646,0.6734592311941646,0.3265407688058354,1.0,0.6734592311941646,0.0,3,2,3,4,1,10,10,10
0.0,1.0,18,1.0,0.4295560255946006,1.0,1,1,2.0,2.5704439744053995,1.711331923216198,0.4295560255946006,1,1,1,0.0,0.0,0.0,0.0,1.0,0.0,1.0,0.4295560255946006,3,4,4,2,0,6,6,0
0.0,0.47916573997417633,17,0.0,0.0,1.0,2,3,0.0,2.520834260025824,0.47916573997417633,0.47916573997417633,1,2,0,0.0,0.5208342600258237,0.5208342600258237,0.5208342600258237,0.47916573997417633,1.0,0.5208342600258237,0.0,3,2,3,4,1,9,10,10
0.0,1.0,16,1.0,0.0,1.0,4,4,3.961172024349349,3.961172024349349,1.0388279756506509,1.0,1,1,0,0.03882797565065088,1.0,1.0,1.0,1.0,1.0,1.0,0.9611720243493491,4,4,5,4,15,9,11,10
0.0,0.8445338486781514,16,0.1554661513218486,0.8445338486781514,1.0,2,2,3.8445338486781515,2.1554661513218485,0.8445338486781514,0.0,3,1,0,0.1554661513218486,1.0,0.8445338486781514,1.0,0.8445338486781514,1.0,1.0,0.1554661513218486,3,3,4,3,7,9,8,10
0.0,1.0,16,0.25267988986261913,0.0,1.0,3,3,3.4946402202747615,3.7473201101373808,0.7580396695878573,1.0,1,1,0,0.0,0.0,0.7473201101373809,1.0,0.7473201101373809,1.0,1.0,0.0,3,4,5,4,6,16,17,17
0.0,1.0,16,0.46030786761092024,0.0,1.0,3,3,3.0793842647781595,3.5396921323890798,1.3809236028327607,1.0,1,1,0,0.0,0.0,0.5396921323890798,1.0,0.5396921323890798,1.0,1.0,0.0,3,4,5,4,5,16,16,17
0.0,0.5867511656638482,15,1.0,0.5867511656638482,0.4132488343361518,1,1,3.0,2.4132488343361516,0.0,0.5867511656638482,4,1,1,0.4132488343361518,0.4132488343361518,0.0,0.4132488343361518,0.5867511656638482,1.0,1.0,0.4132488343361518,4,5,5,5,2,8,8,10
0.965255307264138,1.0,17,0.034744692735862004,0.034744692735862004,1.0,2,1,1.930510614528276,2.0,0.0,1.0,1,1,1,0.0,0.965255307264138,0.0,0.034744692735862004,0.034744692735862004,1.0,0.965255307264138,0.034744692735862004,2,4,4,5,9,11,13,13
0.0,0.3929657523133153,17,0.3929657523133153,0.3929657523133153,1.0,2,3,0.7859315046266306,2.6070342476866846,0.3929657523133153,0.0,1,2,0,0.0,0.6070342476866847,1.0,1.0,0.0,1.0,1.0,0.3929657523133153,4,3,3,4,1,12,11,11
0.0,1.0,17,0.0,0.0,1.0,1,2,0.8279975460676301,2.0,0.7240008179774566,1.0,1,1,0,0.0,0.27599918202254337,0.0,0.0,1.0,1.0,0.27599918202254337,0.0,3,1,3,3,5,8,9,10
0.0,1.0,17,1.0,1.0,0.7037264942959176,1,1,2.2962735057040824,2.0,0.0,1.0,1,1,3,0.0,0.0,0.0,0.0,1.0,0.2962735057040824,1.0,0.7037264942959176,2,3,5,4,0,6,6,2
0.0,1.0,15,1.0,0.1652669390630025,0.1652669390630025,3,3,1.669466121873995,2.8347330609369976,2.5041991828109924,1.0,1,3,0,0.0,0.8347330609369975,0.0,1.0,0.1652669390630025,1.0,0.8347330609369975,1.0,1,3,3,3,4,12,13,12
0.0,1.0,17,0.9843635932588061,1.0,1.0,1,1,2.0,2.015636406741194,0.0,1.0,1,1,3,0.0,0.0,0.0,0.01563640674119393,1.0,0.0,0.9843635932588061,1.0,2,3,5,4,0,5,5,0
0.0,1.0,16,0.0,0.5765985192936304,1.0,2,2,2.3063940771745215,2.0,1.0,0.4234014807063696,2,1,0,0.0,0.5765985192936304,0.5765985192936304,0.5765985192936304,1.0,1.0,0.5765985192936304,0.0,3,2,3,3,6,8,9,10
0.0,1.0,15,1.0,0.0,0.3948815181755697,3,3,2.0,3.0,3.0,1.0,1,2,0,0.0,0.6051184818244303,0.0,1.0,0.0,1.0,1.0,0.6051184818244303,2,3,3,3,3,13,13,13
0.0,0.2934881747180381,15,1.0,0.2934881747180381,0.7065118252819619,1,1,3.0,2.7065118252819618,0.0,0.2934881747180381,4,1,0,0.7065118252819619,0.7065118252819619,0.0,0.7065118252819619,0.2934881747180381,1.0,1.0,0.7065118252819619,4,5,5,5,4,9,8,10
0.0,1.0,17,0.9859201772849155,0.014079822715084456,1.0,2,1,3.0140798227150842,2.9859201772849158,1.9859201772849155,0.9859201772849155,1,1,0,0.0,0.014079822715084456,0.014079822715084456,0.014079822715084456,0.014079822715084456,0.014079822715084456,1.0,0.0,3,2,4,4,4,6,9,8
0.0,0.8011575959111948,16,1.0,0.0,1.0,1,1,0.5965272122664155,3.0,1.6023151918223897,1.6023151918223897,2,1,0,0.19884240408880516,0.19884240408880516,0.8011575959111948,1.0,0.0,1.0,1.0,0.19884240408880516,4,4,4,5,10,7,8,8
0.0,1.0,16,0.71134195274865,0.71134195274865,1.0,2,2,2.5773160945027,2.5773160945027,0.71134195274865,0.28865804725135,1,1,0,0.0,0.0,1.0,1.0,0.28865804725135,1.0,1.0,0.71134195274865,3,4,2,4,5,15,14,14
0.0,1.0,16,1.0,0.0,0.7901755405312056,3,3,2.0,3.0,3.0,1.0,1,1,0,0.0,0.20982445946879436,0.0,1.0,0.0,1.0,1.0,0.20982445946879436,3,3,4,4,3,13,14,15
0.0,0.6059599747810114,15,0.6059599747810114,0.6059599747810114,0.3940400252189886,2,2,1.8178799243430341,2.3940400252189886,0.0,0.6059599747810114,2,1,1,0.0,0.3940400252189886,0.3940400252189886,0.3940400252189886,0.6059599747810114,1.0,1.0,0.0,4,4,4,5,0,9,9,10
0.0,1.0,16,1.0,0.07369912148665103,1.0,3,3,2.778902635540047,2.926300878513349,1.852601757026698,1.0,1,1,0,1.0,1.0,1.0,1.0,1.0,1.0,1.0,0.07369912148665103,4,4,4,3,14,7,7,5
0.0,1.0,18,1.0,0.34892297449805554,1.0,1,1,2.0,2.6510770255019445,1.9532310765058334,0.34892297449805554,1,1,1,0.0,0.0,0.0,0.0,1.0,0.0,1.0,0.34892297449805554,3,4,4,2,0,6,6,0
0.0,1.0,17,1.0,1.0,0.9149596755437808,2,1,0.3401612978248769,1.9149596755437808,0.25512097336865747,1.0,3,2,0,0.9149596755437808,1.0,0.9149596755437808,0.9149596755437808,1.0,1.0,0.9149596755437808,0.9149596755437808,4,2,2,3,14,9,7,8
0.0,1.0,16,0.0,0.8500385777897993,1.0,2,2,3.850038577789799,2.0,0.8500385777897993,0.1499614222102007,3,1,0,0.0,1.0,0.8500385777897993,0.8500385777897993,1.0,1.0,1.0,0.0,3,3,4,3,8,9,9,10
0.0,1.0,17,0.5505493258617966,1.0,1.0,2,1,1.7978026965528136,2.0,0.4494506741382034,0.5505493258617966,3,1,0,0.5505493258617966,1.0,1.0,1.0,1.0,1.0,1.0,0.5505493258617966,3,3,2,3,11,9,8,9
0.0,1.0,17,0.9045898835095887,1.0,1.0,1,1,2.0,2.0954101164904113,0.0,1.0,1,1,3,0.0,0.0,0.0,0.09541011649041131,1.0,0.0,0.9045898835095887,1.0,2,3,5,4,0,5,5,0
0.0,1.0,17,0.6291817478017336,0.37081825219826636,1.0,2,1,3.3708182521982666,2.6291817478017334,1.6291817478017336,0.6291817478017336,1,1,0,0.0,0.37081825219826636,0.37081825219826636,0.37081825219826636,0.37081825219826636,0.37081825219826636,1.0,0.0,3,2,4,4,5,7,9,8
0.0,0.6688412526636073,16,1.0,0.6688412526636073,1.0,1,1,0.9934762420091783,2.3311587473363926,0.0,0.6688412526636073,1,1,0,0.3311587473363927,0.3311587473363927,0.0,1.0,0.6688412526636073,1.0,0.3311587473363927,1.0,4,4,4,5,6,11,11,13
0.0,1.0,18,1.0,0.6659223566174967,0.33407764338250334,3,2,3.6659223566174965,1.6681552867650067,2.6659223566174965,1.0,1,1,1,0.0,0.6659223566174967,0.0,0.0,0.6659223566174967,0.6659223566174967,0.33407764338250334,0.33407764338250334,4,2,3,3,17,7,6,7
0.0,0.5912977877077271,16,1.0,0.0,1.0,3,3,1.591297787707727,2.591297787707727,2.182595575415454,1.0,1,1,0,0.0,0.4087022122922729,0.0,1.0,0.4087022122922729,1.0,1.0,0.0,4,3,5,3,2,14,15,16
0.0,1.0,17,1.0,1.0,1.0,2,1,0.8241653789701925,2.0,0.27472179299006416,1.0,3,2,0,0.7252782070099358,1.0,1.0,0.7252782070099358,1.0,1.0,1.0,1.0,4,3,2,3,13,10,9,10
0.0,1.0,17,0.5612434258477011,0.43875657415229885,1.0,1,1,2.5612434258477013,3.0,1.1224868516954023,1.0,2,1,1,0.0,0.0,0.0,0.43875657415229885,0.43875657415229885,0.0,0.5612434258477011,0.43875657415229885,3,2,5,5,2,5,8,7
0.0,0.38292687475378984,16,1.0,0.38292687475378984,1.0,3,2,1.3829268747537897,2.0,1.0,0.6170731252462102,1,2,0,0.0,0.6170731252462102,0.38292687475378984,1.0,0.6170731252462102,1.0,1.0,0.38292687475378984,4,3,3,2,2,15,14,14
0.0,1.0,16,1.0,0.028287904610896253,1.0,3,3,2.915136286167311,2.971712095389104,1.9434241907782075,1.0,1,1,0,1.0,1.0,1.0,1.0,1.0,1.0,1.0,0.028287904610896253,4,4,4,3,14,7,7,5
0.0,1.0,17,0.0,0.0,1.0,1,2,0.4532585272017484,2.0,0.8489138242660839,1.0,1,1,0,0.0,0.15108617573391614,0.0,0.0,1.0,1.0,0.15108617573391614,0.0,3,1,3,3,4,8,9,10
0.0,1.0,17,0.2782704788351268,0.0,1.0,1,2,0.5565409576702536,2.2782704788351267,1.5565409576702536,0.7217295211648732,1,2,0,0.0,0.0,0.0,0.0,1.0,0.7217295211648732,0.2782704788351268,0.0,3,2,3,2,2,7,8,7
0.0,0.23598491974895575,17,0.23598491974895575,0.23598491974895575,1.0,2,3,0.4719698394979115,2.764015080251044,0.23598491974895575,0.0,1,2,0,0.0,0.7640150802510443,1.0,1.0,0.0,1.0,1.0,0.23598491974895575,4,3,3,4,0,11,11,10
0.0,0.25606832276132396,17,0.25606832276132396,0.25606832276132396,1.0,2,3,0.5121366455226479,2.743931677238676,0.25606832276132396,0.0,1,2,0,0.0,0.743931677238676,1.0,1.0,0.0,1.0,1.0,0.25606832276132396,4,3,3,4,1,11,11,10
0.0,1.0,21,1.0,0.0,1.0,2,1,2.878699231384706,3.0,2.0,1.0404335895384313,1,1,2,0.0,0.0,0.04043358953843135,0.04043358953843135,0.0,0.04043358953843135,1.0,0.9595664104615687,4,4,4,1,15,6,8,8
0.0,0.7106628896857874,17,0.7106628896857874,0.7106628896857874,1.0,2,2,1.4213257793715748,2.2893371103142126,0.7106628896857874,0.0,1,2,0,0.0,0.2893371103142126,1.0,1.0,0.0,1.0,1.0,0.7106628896857874,4,3,2,4,2,13,12,12
0.0,1.0,16,0.0,0.8891091791881687,1.0,2,2,3.8891091791881687,2.0,0.8891091791881687,0.11089082081183133,3,1,0,0.0,1.0,0.8891091791881687,0.8891091791881687,1.0,1.0,1.0,0.0,3,3,4,3,8,9,9,10
0.0,1.0,17,0.5606634981342299,0.4393365018657701,1.0,2,1,3.4393365018657702,2.5606634981342298,1.5606634981342298,0.5606634981342299,1,1,0,0.0,0.4393365018657701,0.4393365018657701,0.4393365018657701,0.4393365018657701,0.4393365018657701,1.0,0.0,3,2,4,4,5,7,9,8
0.2017192023353962,1.0,16,0.0,0.7982807976646038,1.0,3,2,3.5965615953292076,2.0,0.7982807976646038,0.2017192023353962,2,1,0,0.0,1.0,0.7982807976646038,0.7982807976646038,0.7982807976646038,1.0,1.0,0.0,2,3,4,3,8,9,9,10
0.0,1.0,16,1.0,1.0,1.0,2,1,1.7915271913470387,2.0,0.8957635956735194,0.10423640432648063,1,1,0,0.0,0.0,0.8957635956735194,1.0,0.10423640432648063,1.0,0.8957635956735194,1.0,4,4,2,4,4,13,13,13
0.0,0.47537022318211175,16,0.47537022318211175,0.47537022318211175,0.5246297768178882,2,2,1.4261106695463353,2.5246297768178882,0.0,0.47537022318211175,2,2,1,0.0,0.5246297768178882,0.5246297768178882,0.5246297768178882,0.47537022318211175,1.0,1.0,0.0,4,3,4,5,0,9,10,10
0.0,1.0,15,1.0,0.5632755719763837,0.5632755719763837,2,2,0.8734488560472327,2.4367244280236164,1.3101732840708489,1.0,1,2,0,0.0,0.43672442802361633,0.0,1.0,0.5632755719763837,1.0,0.43672442802361633,1.0,2,3,3,4,5,12,13,13
0.0,1.0,17,0.6955160864261275,0.0,1.0,1,1,2.0865482592783824,2.6955160864261276,1.6955160864261276,1.0,1,1,0,0.0,0.0,0.0,0.0,0.3044839135738725,0.3044839135738725,0.6955160864261275,0.0,3,1,4,4,4,6,9,8
0.0,1.0,16,0.0,0.8606685455941243,1.0,2,2,3.860668545594124,2.0,0.8606685455941243,0.1393314544058757,3,1,0,0.0,1.0,0.8606685455941243,0.8606685455941243,1.0,1.0,1.0,0.0,3,3,4,3,8,9,9,10
0.6044173792778172,1.0,17,0.39558262072218275,0.39558262072218275,1.0,3,2,2.3955826207221826,2.0,0.39558262072218275,1.0,1,1,0,0.0,1.0,0.39558262072218275,0.0,0.39558262072218275,1.0,1.0,0.39558262072218275,3,4,5,4,11,11,12,13
0.0,1.0,18,1.0,0.4601589086983269,1.0,1,1,2.0,2.539841091301673,1.6195232739050194,0.4601589086983269,1,1,1,0.0,0.0,0.0,0.0,1.0,0.0,1.0,0.4601589086983269,3,4,4,2,0,6,6,0
0.0,1.0,16,1.0,0.2030612247347694,1.0,2,2,1.5938775505304612,2.7969387752652306,2.390816325795692,1.0,1,1,0,0.0,0.0,0.0,1.0,0.2030612247347694,1.0,0.7969387752652306,0.2030612247347694,4,3,4,5,3,13,14,15
0.0,1.0,16,0.942853570557981,0.942853570557981,1.0,2,1,0.2285857177680759,2.114292858884038,0.0,1.0,1,1,0,0.0,0.0,0.057146429442018976,1.0,1.0,1.0,0.057146429442018976,0.942853570557981,3,4,4,4,6,12,13,14
0.401134533511464,1.0,17,0.598865466488536,0.598865466488536,1.0,3,3,2.598865466488536,2.0,0.598865466488536,1.0,1,1,0,0.0,1.0,0.598865466488536,0.0,0.598865466488536,1.0,1.0,0.598865466488536,3,3,5,3,11,11,12,13
0.0,0.30521506696029543,16,0.30521506696029543,0.0,0.6947849330397046,3,4,0.6104301339205909,3.0,0.9156452008808862,0.30521506696029543,1,3,0,0.0,1.0,0.6947849330397046,1.0,0.0,1.0,1.0,0.30521506696029543,3,3,3,4,1,11,11,10
0.0,0.8804678390152577,16,1.0,0.8804678390152577,1.0,1,1,0.35859648295422675,2.1195321609847424,0.0,0.8804678390152577,1,1,0,0.11953216098474229,0.11953216098474229,0.0,1.0,0.8804678390152577,1.0,0.11953216098474229,1.0,4,4,4,5,6,11,12,13
0.0,1.0,16,1.0,0.37564595186620675,1.0,3,2,1.8730621444013797,2.6243540481337932,1.2487080962675865,1.0,2,1,0,1.0,1.0,1.0,1.0,1.0,1.0,1.0,0.37564595186620675,4,4,3,3,14,8,7,6
0.0,1.0,17,1.0,0.295633685837714,0.704366314162286,2,1,2.295633685837714,2.704366314162286,2.1130989424868583,0.295633685837714,1,1,1,0.0,0.0,0.0,0.0,1.0,0.295633685837714,1.0,0.0,4,5,4,2,0,7,7,2
0.0,0.8945057401697294,15,0.8945057401697294,0.8945057401697294,0.10549425983027061,2,1,2.683517220509188,2.1054942598302704,0.0,0.8945057401697294,3,1,2,0.0,0.10549425983027061,0.10549425983027061,0.10549425983027061,0.8945057401697294,1.0,1.0,0.0,4,4,4,5,0,8,9,10
0.0,1.0,16,0.5434654295170898,1.0,1.0,3,3,3.4565345704829102,2.0,1.0,0.5434654295170898,1,1,0,0.0,1.0,1.0,0.45653457048291024,1.0,1.0,1.0,0.5434654295170898,4,3,4,3,10,10,10,11
0.0,0.2184404372168336,16,1.0,0.0,1.0,1,1,3.0,3.0,0.4368808744336672,0.2184404372168336,3,1,0,0.7815595627831664,0.7815595627831664,0.0,0.7815595627831664,0.0,0.7815595627831664,1.0,0.7815595627831664,4,4,5,5,5,9,8,10
0.0,1.0,16,0.0,0.5834900521296338,1.0,2,2,2.333960208518535,2.0,1.0,0.4165099478703662,2,1,0,0.0,0.5834900521296338,0.5834900521296338,0.5834900521296338,1.0,1.0,0.5834900521296338,0.0,3,2,3,3,6,8,9,10
0.0,1.0,16,1.0,0.0,0.8832802589188683,3,3,2.0,3.0,3.0,1.0,1,1,0,0.0,0.1167197410811317,0.0,1.0,0.0,1.0,1.0,0.1167197410811317,3,3,4,4,3,13,14,15
0.0,1.0,16,1.0,0.32434502100527396,1.0,3,3,2.0269649369841782,2.675654978994726,1.351309957989452,1.0,1,1,0,1.0,1.0,1.0,1.0,1.0,1.0,1.0,0.32434502100527396,4,4,4,3,14,7,7,6
0.0,0.12208795470067335,16,1.0,0.12208795470067335,1.0,3,2,1.1220879547006732,2.0,1.0,0.8779120452993266,1,2,0,0.0,0.8779120452993266,0.12208795470067335,1.0,0.8779120452993266,1.0,1.0,0.12208795470067335,4,3,4,2,2,15,15,15
0.0,1.0,15,0.6437021619230251,1.0,0.3562978380769749,1,1,2.643702161923025,2.356297838076975,0.0,1.0,4,1,3,0.0,0.0,0.0,0.3562978380769749,1.0,0.6437021619230251,0.6437021619230251,0.3562978380769749,4,4,5,5,0,6,8,8
0.0,1.0,16,1.0,0.09317155845424596,1.0,3,3,2.720485324637262,2.906828441545754,1.813656883091508,1.0,1,1,0,1.0,1.0,1.0,1.0,1.0,1.0,1.0,0.09317155845424596,4,4,4,3,14,7,7,5
0.0,0.7278677506153647,16,1.0,0.0,1.0,3,3,1.7278677506153648,2.727867750615365,2.4557355012307296,1.0,1,1,0,0.0,0.2721322493846353,0.0,1.0,0.2721322493846353,1.0,1.0,0.0,4,3,5,4,2,14,15,16
0.0,1.0,17,0.6476901205413623,1.0,1.0,1,1,2.0,2.3523098794586375,0.0,1.0,2,1,3,0.0,0.0,0.0,0.3523098794586377,1.0,0.0,0.6476901205413623,1.0,3,3,5,4,0,5,6,2
0.0,1.0,17,0.9994796230046842,0.9994796230046842,1.0,3,3,3.0,2.0,0.9994796230046842,1.0,1,1,0,0.0,1.0,0.9994796230046842,0.0,1.0,1.0,1.0,0.9994796230046842,4,3,5,3,12,11,11,12
0.0,1.0,20,1.0,0.0,1.0,2,1,1.942293430997493,3.0,2.0,1.3525688563341691,1,1,1,0.0,0.0,0.352568856334169,0.352568856334169,0.0,0.352568856334169,1.0,0.647431143665831,4,4,4,2,14,6,8,8
0.0,1.0,17,1.0,0.695218741841971,0.30478125815802903,3,3,3.695218741841971,1.609562516316058,2.695218741841971,1.0,1,1,0,0.0,0.695218741841971,0.0,0.0,0.695218741841971,0.695218741841971,0.30478125815802903,0.30478125815802903,4,1,3,3,17,7,6,7
0.16465585314294173,1.0,17,0.0,0.0,1.0,2,2,2.835344146857058,2.0,0.0,1.0,3,1,0,0.0,1.0,0.0,0.0,0.8353441468570583,1.0,1.0,0.0,3,4,5,4,8,11,10,10
0.0,1.0,16,1.0,0.0,1.0,2,2,1.397731741873674,3.0,2.0,1.534089419375442,1,1,0,0.46591058062455804,0.46591058062455804,1.0,1.0,0.46591058062455804,1.0,1.0,0.0,4,4,4,4,12,7,7,6
0.0,0.5151700286410168,16,0.4848299713589832,0.0,1.0,4,3,2.54551008592305,3.0303400572820336,0.4848299713589832,1.0,1,1,0,0.0,0.4848299713589832,0.5151700286410168,1.0,1.0,1.0,1.0,0.0,3,4,5,3,5,17,17,17
0.0,1.0,17,1.0,0.0,1.0,3,3,3.6924360328902703,3.6924360328902703,1.3075639671097297,1.0,1,1,0,0.0,0.6924360328902703,0.6924360328902703,0.6924360328902703,0.6924360328902703,0.6924360328902703,1.0,1.0,4,4,5,3,16,8,10,10
0.0,1.0,17,0.0,0.0,1.0,1,2,0.8082370013955644,2.0,0.7305876662014785,1.0,1,1,0,0.0,0.2694123337985215,0.0,0.0,1.0,1.0,0.2694123337985215,0.0,3,1,3,3,5,8,9,10
0.0,0.7558744777522258,15,0.7558744777522258,0.0,0.24412552224777417,3,4,1.5117489555044517,3.0,2.2676234332566776,0.7558744777522258,1,3,0,0.0,1.0,0.24412552224777417,1.0,0.0,1.0,1.0,0.7558744777522258,1,3,3,3,3,12,12,11
0.0,1.0,15,1.0,0.0,0.16829104217293056,3,3,2.0,3.0,3.0,1.0,1,3,0,0.0,0.8317089578270694,0.0,1.0,0.0,1.0,1.0,0.8317089578270694,1,3,3,3,3,13,13,12
0.0,1.0,16,1.0,0.7812357804269298,1.0,4,4,3.21876421957307,2.4375284391461403,1.0,1.0,1,2,0,0.0,1.0,1.0,0.21876421957307024,1.0,1.0,1.0,1.0,4,3,5,3,13,11,12,12
0.0,1.0,17,0.5581020020173412,0.44189799798265883,1.0,2,1,3.4418979979826587,2.5581020020173413,1.5581020020173413,0.5581020020173412,1,1,0,0.0,0.44189799798265883,0.44189799798265883,0.44189799798265883,0.44189799798265883,0.44189799798265883,1.0,0.0,3,2,4,4,5,7,9,8
0.0,1.0,17,0.5961638289419592,0.0,1.0,1,1,1.7884914868258774,2.5961638289419593,1.5961638289419593,1.0,1,1,0,0.0,0.0,0.0,0.0,0.4038361710580408,0.4038361710580408,0.5961638289419592,0.0,3,1,4,4,4,6,9,8
0.0,0.9351077528910184,15,0.9351077528910184,0.0,0.06489224710898156,3,4,1.8702155057820369,3.0,2.8053232586730554,0.9351077528910184,1,3,0,0.0,1.0,0.06489224710898156,1.0,0.0,1.0,1.0,0.9351077528910184,1,3,3,3,3,12,12,11
0.0,1.0,16,0.2539154139343447,0.7460845860656553,1.0,2,2,3.7460845860656553,2.2539154139343447,1.2539154139343447,0.2539154139343447,2,1,0,0.0,0.7460845860656553,0.7460845860656553,0.7460845860656553,0.7460845860656553,0.7460845860656553,1.0,0.0,3,2,4,3,6,8,9,9
